hire_id,application_id,hired_ts,start_date
c360ea6b-74db-4b80-9f60-ccc17a72ab55,ea806a63-fe52-4744-8784-7255e8a4eea3,2023-06-22 16:20:50.440008,2023-07-09
d1c99cf8-3380-48f8-b827-96cb72101394,5b4204da-5e95-4eca-89a2-f3398e975f2d,2023-07-02 10:29:51.795582,2023-08-16
9f7d37bd-75c4-4544-a63f-9cb1c4dcee5e,82e182f7-0af8-4a7c-b9ba-f49963574abe,2023-12-22 15:16:40.251037,2024-01-22
40189356-decd-4cfe-9f04-93d8d41e0399,8e59e6d3-4cd2-4fd7-9c11-0ab36a4b518b,2023-08-10 02:01:51.855915,2023-09-08
5213604f-319f-4504-8d70-71153c4d3c2f,e4dc9410-051d-4843-a9a3-c81703a71719,2023-07-10 05:39:28.736178,2023-08-14
7a5a4ba8-9271-4cb1-af61-616079b14428,b17c4c08-193c-4d3d-a125-2018f2d5e36b,2023-11-23 12:05:03.950276,2024-01-07
da7c583f-8b61-4933-a53e-b02547ed1c6e,291ce625-e4b1-4974-8d3e-584398a01040,2023-04-25 17:37:11.385783,2023-05-29
19e58b09-4e37-4e67-beb2-edeec3b1382a,a25f920e-1195-4ef8-b4af-0215c5fd1ff4,2023-10-10 23:33:18.721833,2023-11-16
e45f4bc6-f6d7-48f0-a7ad-120c404dc31b,5fcc7fcf-84e2-4bcb-99fc-8f51940885b1,2023-08-05 17:43:34.476249,2023-08-25
e2194aa9-7d2d-4162-b06b-5038ab79075b,497e2a0c-9199-4e77-9f0e-6549492f05e9,2023-09-23 16:57:46.803435,2023-11-05
4bd59012-adca-4031-a2bc-cb25689abb7a,5985eb79-9aff-449f-b37d-5c170370534a,2023-10-02 11:05:03.447432,2023-11-12
50a9a644-3b86-4d6d-841e-a10a6a62f5ad,be838f99-ae90-41e0-8168-2140fcec7ab1,2023-10-01 23:14:24.496415,2023-11-03
5a2a9157-2f2e-4f7d-b0a0-0b702c4c7766,8470cddf-cebe-4a8e-b5fa-281a89efd2fa,2023-11-10 08:03:11.025587,2023-12-01
97108e8a-546c-4a60-aa13-1f387f344d3d,7005f0e5-ae86-40ef-bffe-b1d750db8180,2023-03-22 19:20:44.858114,2023-04-25
81e5ed58-af62-49be-8d7b-105b4e3cf4c7,c5bd55f0-6a2f-4e23-a68b-468c5b3b81b4,2023-09-26 12:31:17.975874,2023-10-14
e48511a3-d2b7-4f54-b479-2a8c9861a6a9,554799c7-0eef-4023-a560-d8cbc959b705,2023-09-24 03:01:47.396748,2023-10-18
6fb13b86-febe-480c-b640-853754b4c0e5,767d2ffc-423a-4ac3-86e2-15c6828fcf29,2023-10-26 06:43:53.604126,2023-11-12
c83f1edd-d52e-47a2-8c42-5ddfad0e13f7,79e3115f-4d4b-42de-91f4-9ef68ce1ecd2,2023-08-10 06:56:23.860809,2023-08-27
d47f54b2-674e-4dd0-8d09-d807d6c53100,ca35bcd0-4305-4d14-9fd5-ff3b92e319bf,2023-12-18 05:28:34.667575,2024-01-31
13d638a6-8fc9-468e-a404-78654cf1f462,1a8a44e4-bbf6-4d1e-8946-b0a7fbedcf48,2023-05-04 15:08:50.366681,2023-06-18
6c2102d7-cab7-4f40-a893-0fd09ad5cd4d,35cb4f7d-2b39-497f-92c5-4d378059713e,2023-12-22 04:16:04.899285,2024-01-17
93240326-47ec-420d-bc0f-a79d6cb459b9,8c9c0d4e-9cc4-47b0-baee-17e1a88c339b,2023-10-22 21:42:24.127188,2023-11-16
a1719fb8-48d5-4ba8-983d-d58c83bf66c4,53ea7fc8-6bf9-44d6-be6b-d03f074aa419,2023-05-15 02:45:23.157002,2023-06-04
43ff601b-bfd2-4b6e-bf01-cc5fa91c7219,07998c60-7cf9-4456-a071-94bed4539cb4,2023-02-14 11:35:43.339383,2023-03-04
fb154059-6b6d-42a0-b033-19b7caa1735f,2baf6c24-9429-4338-856d-b80b71e03742,2023-08-30 02:22:39.351774,2023-09-19
cb86cc66-25a8-4575-9825-c79f7b016b24,9a4fb428-b96d-484d-ae30-379bb0d92107,2023-10-08 20:16:02.976743,2023-11-11
081a9fa4-529a-4152-9928-75bd79118e61,3de85458-e10b-4304-8f50-6ff4a25012dd,2023-11-21 16:17:14.357554,2023-12-13
ba9d6fee-c652-4b54-97aa-feee2e53b867,5c152287-9765-4498-a5e7-542cca6227e0,2023-11-20 02:35:27.777043,2024-01-03
be5e9bc2-e75e-4950-9416-f8bfd2dd9e59,b1c1a2a4-6122-420e-8d30-238ed387f9c7,2023-09-21 07:44:26.478192,2023-11-05
8f383f49-e627-4f77-a1a9-061d8af2c432,bbe8b4b4-5954-4673-86c4-0182d7de6cf9,2023-10-08 10:30:34.102216,2023-11-06
6d131054-ce4f-4a85-8a08-ab1d74bbadce,fe0d8d18-0a04-4f7f-a648-d77ddd54f7c2,2023-08-28 16:46:34.894015,2023-09-30
b5fd78cb-6221-4591-b082-c39f59fb67a9,6defe9b0-1398-4821-9a5b-778543e0b725,2023-12-12 20:32:49.131823,2023-12-29
c02a735b-a7d6-46d6-8772-d9aa1b00d187,546cd593-c647-491a-af27-cdc9ec5d113e,2023-08-01 10:06:12.318001,2023-08-19
bec9f553-84e4-4bd3-9444-bfe53496552b,0c77e788-187e-4ea6-adec-54e4c60d5053,2023-11-02 02:06:27.320353,2023-12-04
efced2b8-1026-4c77-9ef9-a8003253617f,1141a914-352d-497f-8317-580171702e2b,2024-01-15 10:40:40.202046,2024-02-15
8ed2e1b4-7207-4f97-a4b0-8b95d8786d8b,d5e80b87-d8d2-4d42-93b6-bee97b562c60,2023-07-31 15:54:43.204552,2023-08-25
920f5059-26ce-415d-993f-9040a5fa151e,b9a6d028-d84a-4eb2-b49d-e6c4e7012104,2024-01-12 13:59:22.460387,2024-02-05
3441653c-46c6-4eea-bc76-778bba19a9fa,05ab2a79-81d5-490b-a234-cd911dc12f53,2023-11-06 06:49:08.963364,2023-12-03
c09443ed-6555-451c-a733-8acd00603368,ec27706c-31f1-4b76-96d9-11f25249f1ab,2023-11-27 12:50:02.365692,2024-01-10
9b296399-0028-4b05-9def-d66a5fd24acb,82a3e219-e2bd-4228-8276-2865dc14f341,2023-05-25 20:46:04.914690,2023-06-27
b78713b1-8553-4f7e-91e3-f1bda8b0adcf,1bc8cd2c-708f-489c-9c7e-33e21c86e7db,2023-05-08 07:55:07.572456,2023-06-02
457e2570-a25b-4e70-b2e7-9c3e9e76c305,4c43ffd0-1d29-4ea1-923e-4c037d6fc403,2023-09-06 14:41:17.634543,2023-10-02
bf623e6a-38b4-47a3-9e21-0a82b18e3ad0,3bcfdb58-72ba-447b-8d9e-d18cd641db44,2023-05-20 02:27:40.814642,2023-06-08
567c5e4a-41f2-400a-94a3-d68eb46dcc21,a52c2743-3db8-4dff-947e-e8cf4b85f5bb,2023-09-21 00:42:56.824823,2023-10-30
538d7529-b329-40bd-a2f1-fd15b783ea6f,168ddf9d-96f8-4676-b4fc-55d50472bf95,2023-04-28 22:28:39.259211,2023-05-17
ccef2e5c-63df-4312-bd9f-50727f7cf0a2,41064391-5c0b-4f48-b384-150c2681c67e,2023-09-29 21:23:17.794637,2023-10-25
9240f715-f622-46de-9cc1-2f3eb20eb563,0410585d-3673-4f1d-9fe2-697a603b11a8,2023-06-11 08:12:48.429021,2023-07-16
cde8d3c5-ec09-48d3-ab80-7162f8eeeb01,f27832fe-1992-4846-a355-b9ef3e41e904,2023-11-02 12:45:57.457062,2023-11-27
60535896-7743-4456-b2c4-4917b0e001e1,801d2e68-39dc-4522-a089-21201ec0ece5,2023-10-07 04:54:56.441248,2023-11-15
9fd0bc80-4d72-44de-a7f9-7ebf5c5ed4af,7c5a8e13-a794-436b-b8ef-6a2966c7ae33,2023-09-14 17:34:09.560480,2023-10-02
27e95006-da60-4882-ad83-9c1b3adfee40,8142d42b-b629-4148-9075-9a75e00fc1c2,2023-11-19 02:08:52.965329,2023-12-16
bcf66444-d70f-4080-8175-69aad2812f3a,debffb1b-9935-42b6-b5dd-a9c20a00bb8f,2023-09-12 18:01:26.014905,2023-10-27
2bfdc262-ce17-4212-8b9d-bc41d0720d6b,a15548bc-4365-4e95-99d1-ca7d0791e5bb,2023-06-26 10:56:28.233888,2023-07-11
1ce2fec6-53f0-4169-b524-af69a281c914,ed969c22-7cf2-401c-b9f9-b71665ea2fc6,2023-11-15 13:05:40.915766,2023-12-30
7942719b-38d6-4317-9a18-aa928c9a40c3,d818ded9-73ce-4eff-8665-92ed4e894770,2023-06-10 21:01:32.110579,2023-07-24
bc02c65e-a147-4d2e-a3ac-2bb20dfdfca9,11703dc4-5867-481d-81e3-febde17e0c0c,2023-10-07 11:42:24.508011,2023-11-15
cab09141-7008-46e0-ab8a-ec94391e1c03,64e4ece9-eafb-46e9-bc22-257a1277630e,2023-06-11 01:38:59.438412,2023-07-01
271fba81-a90e-412a-bdf1-0d5fd65b6c39,71ea4d64-fe62-430a-8742-22b63263756c,2023-03-23 11:58:19.990325,2023-04-16
41b8b10f-8696-44fd-a443-ac94c0624c0c,c162471a-c7f1-4d1d-adae-8a33906b078f,2023-10-31 04:12:45.733681,2023-12-01
7694d6d8-9167-44e4-af9b-d9a33a8ffd5d,9e49585b-393b-49a6-8c31-8c492b31db56,2023-11-01 12:33:17.659264,2023-12-06
9fea6674-05de-4481-86f0-df9f24cfa05e,45d0204f-1ea4-4b89-a5e7-3ff2355c0201,2023-08-17 05:01:57.531265,2023-09-01
76ef91f5-18b8-4c93-91d6-afaa59f784ee,50426d9b-2164-4070-9d64-04436879ff65,2023-08-18 19:25:51.985843,2023-09-17
684aa018-57ef-41ea-8875-4b018c601563,5f9ac337-bb51-4f8f-9123-301f156ae466,2023-12-04 10:15:12.985732,2024-01-04
3395e3d1-7641-41bf-98d9-29b40f94065e,68122b5e-73b9-4afd-8ed7-7ffffc3c1066,2023-09-13 03:39:50.454573,2023-10-10
517760a6-8ca6-4d01-82a3-45dc9db16fd8,537aa46e-5f74-45f0-be62-c7db920d9146,2023-08-03 23:53:57.183521,2023-09-03
865a3b64-4d2b-44e8-8be4-359df6a9b291,46416d34-360f-42dc-b8bb-a38098b0e9e4,2023-11-01 08:58:55.548234,2023-11-24
83f1230c-597f-4751-a064-f719810c1cea,12c0b2bc-b4cc-4e08-a974-c841f6a0f0f4,2023-09-28 06:56:41.142915,2023-11-03
042dc15e-7f68-44f2-9d11-22c1b56861bd,e31e0bae-fa91-4318-9842-02df644a591d,2023-07-23 18:47:06.207843,2023-09-01
a41317dc-acd4-4959-a840-217e9b9d2fdd,fcc759f4-692b-40fb-b3ba-badc5429b6f7,2023-11-03 20:08:06.641268,2023-12-08
33163c28-900a-4e37-b9e8-a27d5c119b77,6923ca67-3f35-44d4-9c1b-50d80b1d79e2,2024-01-07 06:36:58.447154,2024-02-11
805257d8-f535-475b-9de4-fa7ab64f35ac,62bc4261-6393-46a6-bb74-420cda7ecd07,2023-08-31 16:08:29.949866,2023-09-21
03fb3617-0066-429e-930e-0dfd3a4bbe8b,755b965a-53cc-4ae5-891a-bc6b9a8cc629,2023-05-13 13:37:47.950360,2023-05-27
afcf2ab3-cf35-4669-917d-35bfab0214c4,c1a474a0-a0e0-49ca-a6a6-c0a0759b2258,2023-05-30 15:23:01.763451,2023-06-16
1ea86bb4-dc4a-4bf8-aa2f-db74f1375b8a,583b28ca-68a3-4714-ba30-173179471ee5,2023-09-05 23:52:54.227233,2023-10-07
eb3ade9a-e556-47da-b4da-7e00a84d4cac,92e8fae9-8c96-42ce-b8f8-03dabd54e13a,2023-12-23 04:35:43.021457,2024-01-30
2c3757b0-29a5-4a8c-bd6c-1261c17db92c,b816f9d1-2f4f-4fa2-87b2-6ee062c1c00e,2023-07-12 13:59:04.379574,2023-07-30
fb32c89e-064d-4968-8b96-5dd3957a7081,96fe1be5-5005-4cd7-a1fa-924c76600bf7,2023-05-28 18:38:34.383194,2023-07-10
93d6312d-5aae-46cb-a763-b41b8c86d63d,7e3851b0-be46-4c41-a028-4533318c7d2c,2023-04-12 07:08:40.732673,2023-05-08
ef8d1580-bfe8-4f57-89e3-f5c553d9e94d,b903c646-fefb-4464-83ae-45a20be44a4d,2023-03-19 03:55:40.495962,2023-04-03
3c82973c-9236-4310-868f-892973ef7cef,f0cbea5c-c902-4920-bb46-c384d89eb3e8,2023-05-31 06:18:59.888869,2023-06-28
79b31376-5296-409c-b9f9-98e83f297c25,787f4f52-d2ab-4049-bd9b-c0587fdd6ff5,2023-08-14 04:53:48.074627,2023-09-04
04788654-b0bd-45fa-a2be-4a0ede596156,e0a37452-3898-40e6-80f8-963e555275c9,2023-11-12 15:35:41.378886,2023-12-21
b67ab68a-d307-4cea-9fa9-77f7180615d7,69ba665d-ea05-4bdb-a4f5-94fcb8bd9e17,2023-04-11 07:40:01.089949,2023-04-30
c7332012-70b2-4e4b-924b-406a22dab667,d87c5d2a-3620-4ba5-b524-a54b552e6000,2023-10-15 15:19:48.425175,2023-11-28
952eddaf-bcf2-4f7f-a1f4-6f6890f501ef,aff03b34-a617-4fd5-b4ff-e02cb516f86f,2023-10-24 10:52:21.004674,2023-11-09
459eecff-7c03-4338-a693-9c240e527749,9b617be7-1a07-4e2b-810d-c73c5737c937,2023-08-15 15:10:45.225865,2023-09-12
75dfbeab-0043-4aaf-a627-8f8d21f8d05c,8528d4b6-d0ca-4cdf-9297-bd6e08d9ae85,2023-03-12 20:27:13.969215,2023-04-19
510ef87c-87b1-4036-9333-88d6a51c356c,26a11487-2968-452f-9ed7-26e2c6eda808,2023-03-17 05:13:16.971459,2023-04-30
80d7806d-00f7-451c-83a2-73d99c3d6b78,a5ab7ca6-ce71-4a03-8e02-9fc08f3e46d2,2023-11-02 07:51:43.486401,2023-12-08
76fee705-99a0-4fbd-b177-f0ecfe7c1935,b45dabeb-883a-4539-8722-3e4c9860c0cb,2023-04-27 04:18:24.745147,2023-05-22
516f7804-73db-4d2e-9bef-cbba53d4e320,ee46763c-6ef7-40f2-b753-f016c0a75d1a,2023-10-13 16:55:24.990379,2023-10-29
f0fa4d19-6adb-4dc8-9010-8bc67f1cadab,f067292e-6e8a-41a2-aaf2-211447828c7e,2023-08-10 17:45:50.009672,2023-09-09
9c7c37c1-b7a7-4631-86b2-4dc78fd172aa,451e49b4-a985-4483-987b-996e6827967d,2023-11-14 06:00:24.690444,2023-12-10
0c31235c-368e-4954-a9b8-abb85626d245,aeed46b3-5403-48a8-851e-71a745b57302,2023-07-31 16:44:58.082818,2023-08-23
32232714-cd72-43f2-9a68-1e80f8d2b7ec,55ab28ae-d2d7-4a78-b16c-a6f4cb5a3c5d,2023-02-18 18:46:05.774348,2023-03-06
7f8c9f80-583c-48fd-9ae9-109b28191bac,2af1cf6e-10b7-4470-8bb5-e891e58ba979,2023-10-29 21:19:24.188422,2023-12-08
60772b47-c5ef-41da-9e6c-b7aaa2852ace,d7677490-55d3-47be-adbd-1b6b0f59f14b,2023-06-15 00:44:59.190864,2023-07-05
6a08f859-0821-4713-9288-dc45d1a7bd6f,579f3013-c4af-4a31-a760-bd7a738482fa,2023-06-14 15:34:57.735897,2023-07-03
17911e3c-ee3e-41a9-8a5c-ea8990c73a6a,1209853c-b384-4267-a019-fa3d5ac64759,2023-06-29 19:10:57.731478,2023-07-25
397e3085-2239-490e-a330-499bc6d14c17,5b8a05be-c1be-446d-aaaa-f096a34fd364,2023-03-16 09:49:56.477931,2023-04-01
59f08561-cca7-427d-a652-2ce0f4a18d9f,58cc39fc-447b-4c56-b2cd-88a1bb943c50,2023-10-16 04:15:46.517146,2023-11-05
6cbc4b27-219d-4cf0-9a46-09b690f71470,c0752376-060c-442d-92a2-e25347792890,2023-09-06 01:02:09.364790,2023-09-20
dd0c5401-cb1c-4747-b612-18a3569f7072,82ed045e-b6ee-462a-9016-2e44f0d2ac65,2023-06-26 06:48:49.413007,2023-07-26
79bedbd0-290b-4b08-8371-0c7beac8b39a,d4be6ded-fe42-4c5a-8f24-85ce2a79332e,2023-09-08 01:33:49.081814,2023-10-01
651d3b8c-420b-436e-9283-cb1279cb0871,6ab88a8c-c158-4710-9968-5a6c83be7661,2023-04-20 05:26:11.082765,2023-05-12
54d0673b-2f07-4299-95e7-0cca59b15b49,80c8d65e-1f4b-4054-9a34-541638eee2b6,2023-08-09 22:26:30.700175,2023-09-04
b7e13b20-ba5c-463f-997f-cb84424cfc98,c4445445-1bc3-4288-8bc6-8c2ada193f6a,2023-07-16 00:57:47.640165,2023-08-29
22005d62-4a71-4c83-b438-fba17b932834,61d6c079-d4a3-4f5d-be35-a22bc781301d,2023-04-15 06:54:20.452925,2023-05-20
d956964a-cc7e-4e33-bd78-d112dfa71d54,28f707b0-8c35-4d1f-8731-1a2f596675c3,2023-11-22 03:01:14.705628,2023-12-06
2dd09c1b-faab-4020-b9b7-30ce729aad18,9b89bdf1-5a1e-4cbb-afd0-a5a62ebef179,2023-11-09 06:16:11.751067,2023-12-01
3fc04652-c6e6-4e5e-a0dc-531fab358d0f,e357de48-dd3d-4755-b71e-ffb4d072a4d8,2023-10-25 18:01:51.811568,2023-12-09
a7253e88-3a6d-4d95-979a-729516d80212,a9816f0b-e18d-4512-9dfa-2e1ee23bbd1a,2023-03-31 23:48:57.448009,2023-04-18
fee7b152-2c42-4e73-a60b-a86ff03960b0,849bc67f-e018-4954-beae-e0a4274a0fc6,2023-09-22 07:43:11.712138,2023-10-28
185feb9d-8055-4b31-9ed1-c252780d4cef,262b97e7-b282-4334-b88c-e85dc6a836a9,2023-10-27 04:19:12.879437,2023-12-06
73d45321-0a0c-407e-b3c0-b3c5043d47d0,5c6e7290-04cf-4086-ac97-c3ad54eb18a5,2023-09-13 17:29:02.025837,2023-10-10
d30cbcf6-37e4-4567-bff4-9a39ef402f8c,fa074498-efde-45a5-8736-c3444ecfa19a,2023-08-24 14:41:22.663460,2023-09-29
7841554d-c492-485d-978b-076e00a80e97,69f97c88-2672-4f71-afe3-46c56be810d0,2023-12-03 17:35:14.904499,2023-12-22
609ddffd-edab-4a5e-abd4-dcac78237fff,ca0d49d6-910d-479f-bc88-f67b3ba09a6f,2023-10-07 11:43:20.407160,2023-10-25
71677409-ba6c-4c62-8792-131dceee01c8,963b88a0-eb83-4606-a9f0-7ad8507c2904,2023-10-19 14:10:48.476777,2023-11-14
b4df7311-3a23-467b-8866-ac30e0685fa9,067f4a86-9fb4-4266-80a3-8073fc0441a1,2023-10-19 20:45:59.047682,2023-11-27
6ddbaea1-16b2-4c52-a52f-60f57f1f32af,4e652a02-ece4-4ded-8f3f-60a3bf2ff27a,2023-07-06 13:17:27.556368,2023-08-02
d3fc31d2-d6f9-4f3f-b763-205c98fda11c,0cd63309-be3e-49dc-a443-abf33927f6e2,2023-10-28 03:50:45.859511,2023-11-21
c0853f01-1312-44a3-a5ba-42c4c03e5e6e,011a3216-94b3-411e-a0f7-8a2000e0071f,2023-10-30 07:34:47.870833,2023-12-13
66316d82-e93c-4619-812b-c87160fcd3cb,da46c261-7f42-4887-90a5-2b733b653dd4,2023-05-16 04:50:21.002658,2023-06-05
5a820a8a-f136-4713-aa7b-348f1e6f74b7,3d158d6c-ced8-465a-a315-f0227c3d1454,2023-11-27 00:52:08.704443,2023-12-17
e2a0840d-dc83-403b-b014-87006bf39969,0a801a36-3251-480d-932a-343730039a86,2023-05-30 20:31:33.835570,2023-07-13
53e0c3a3-1726-44a2-a457-5108de1a53e5,63d1a98a-209c-4ba6-bb37-21a547b51776,2023-11-09 19:36:37.174818,2023-11-28
499f12c2-cbcd-4dbc-8357-7a1dd57a5654,02c88997-e2bf-45b8-bada-bfdcb8a4b1db,2023-11-18 01:31:47.931255,2023-12-21
e7ebbe3f-38e7-4771-9ee2-9318820d2ce4,3a2fc067-32b7-4723-8afd-76c4c8b5f369,2023-11-04 19:12:39.724718,2023-12-12
7e412e14-93ef-4a55-9510-4004271a4a46,0de2d5b0-ccbc-4b59-8125-0185920a6021,2023-11-08 20:42:06.888061,2023-12-02
483e8e95-6af9-4016-a346-5b52498345bf,8a5ac2b6-7059-40b4-91fb-6b404863a291,2023-09-09 03:26:01.560722,2023-09-23
ebcc22f3-748e-4b1e-9bbc-45bda068963d,45758cd9-cc1a-46e4-89f3-0c1d4c2fffc2,2023-07-01 09:50:50.350750,2023-08-01
6dd3faa3-bb46-4c17-826b-d3a2495b95dd,f2677608-2fb9-4264-a734-51efc580a08b,2023-10-31 11:03:26.917617,2023-12-07
1a0c0e7d-1144-4733-a643-d26f8e1581a2,8db3cb43-6073-4bee-b708-fadf6bb824cf,2023-11-19 14:40:47.179873,2023-12-05
52ee0c93-3704-4e54-b2f9-b9bb628de84f,a735a620-2094-4471-80cd-0d5f5a768345,2023-08-25 12:19:37.574081,2023-10-08
c52f43ba-ed14-47d1-82e4-b53914d69ccf,3e98cee5-f218-4df4-a259-ceaa01ae0bd4,2023-07-10 05:19:20.146636,2023-08-19
9cf5b0d8-674b-451b-a990-d622e4ebadcb,589b442b-dc88-4183-ae9e-7d4974aec21a,2023-08-12 23:37:56.775818,2023-09-16
e0e95e17-79e0-4b93-808c-a8d097f3db1d,e2d75f87-72f3-4581-8aa5-b41b63c17447,2023-11-06 06:48:58.197605,2023-12-14
f389708d-9190-4073-a5ac-02ba47cb340a,06bed939-8715-4bce-95de-dadb71a5238c,2024-01-08 07:46:24.768630,2024-02-09
6ccd0aea-2a45-4cfe-a84d-da3fcefb4b80,a70db4ce-642e-497e-b1ea-a096d7e56462,2023-08-08 14:03:02.157609,2023-09-06
3a2d072d-f406-43d4-8ae1-36022d6cb19b,c50bba4d-745c-48f3-b465-830d5a6f06f2,2023-10-30 03:16:37.280073,2023-11-28
56a0d4f4-6386-4d1d-96b2-9fbecffe92df,d23c1a5a-f40c-4c6b-9b04-0b2a945cf091,2023-10-23 17:10:25.582285,2023-11-22
2f28c8d5-ca0b-4066-a100-461a8e5ca5b5,529faf65-2113-4f33-8cf6-f26e3e324d02,2023-11-21 23:07:36.221997,2023-12-08
2121a649-1ed3-49bd-a516-83adc4d67e11,c089a023-b182-427b-8a8f-253045279255,2023-11-14 11:09:49.446659,2023-12-15
38fa2524-f905-4fe4-8bdd-75bbf9a3f1b4,532f6f42-84d5-414e-bebc-ddcbdef2d601,2023-10-21 15:02:13.323438,2023-11-11
946f72e4-643a-4812-b6b2-581a42e515d8,a2322ead-39d3-4939-82d1-143992360e21,2023-11-19 05:21:48.184308,2023-12-15
19991d44-0734-41d8-96d3-b638c19b7991,fa8dad64-3b8a-4c5e-89b7-10b966ef4328,2023-09-01 08:21:56.593939,2023-10-04
47993606-1f2c-4d13-a6e8-a442a594e045,9de4f93c-3d3e-4b34-8bce-e163fa909834,2023-10-11 06:54:07.570437,2023-10-27
8fdcb2f3-93b4-4f36-b6de-784c8e1e00a9,b3d559ca-dbe6-4a55-9b30-ebddb78cf3ef,2023-09-24 10:17:11.193254,2023-11-07
899093cb-c2c1-49a4-80bc-fb6e79cf83e3,041a8357-d0d0-44b8-a6d3-ef4205efb9ca,2023-10-14 04:56:57.877612,2023-11-10
92e75879-f25d-4d52-b656-aa3119064938,b20109a9-2cc7-4fd0-80d9-9c0d0a25ce94,2023-07-21 22:28:22.321764,2023-08-27
293365b2-6994-4531-b79e-1a2cec40b017,4209d862-5c35-496c-bced-0193ce0b8d06,2023-09-12 09:47:25.436373,2023-10-07
3aeb1f4f-1f6b-4fd0-a392-849f1f62c090,b8e0f28d-a2a3-44ec-8daf-841a6e775650,2023-12-04 12:31:04.289742,2023-12-27
86d6cad9-e58d-44c3-aca8-343db8e7be34,63ea7568-45b5-49cb-be55-dd389df96bfa,2023-04-09 09:49:19.211514,2023-05-19
8d03ca25-6912-4282-bdff-5a1f9e23dcc9,5f43cb2e-29de-44f7-969f-1040c5b2abcc,2023-03-29 07:43:04.764576,2023-05-07
f1cc89b3-2585-4682-8b8f-093adf8110f8,b8e0f116-e157-4799-9a47-881ccd7db362,2023-04-22 22:36:27.387273,2023-05-23
d1305866-3307-4a51-bf33-55246a0448f2,250ad42d-923e-4daf-978e-8d62111630da,2023-12-04 08:36:13.662281,2023-12-22
4fe6b123-3563-4253-8030-8774e9f39135,5aa4a28a-4dcf-4c22-9ef9-576f589b15b9,2023-11-16 07:09:25.746031,2023-12-06
e2aab94e-39a7-477d-9467-029a801c61eb,83c7a46d-bcd6-46e2-896b-383a2d455636,2023-09-06 17:23:27.517484,2023-10-08
b69c5e21-bb06-4970-bcdd-5af17885887e,4de853b7-e2d4-471c-ad74-313de16b3522,2023-04-10 08:55:18.170262,2023-05-07
be98c559-dc24-44d7-a3a2-4f5534822d8f,b0ce7e97-8bc8-4796-a6ab-d560cc431320,2023-12-12 23:29:29.700374,2024-01-25
4f1c18fb-da97-4cd5-8b99-0840eb327698,962cfe7b-5314-421e-8db7-51cd04d4aa8f,2023-04-08 06:38:04.243943,2023-05-07
c471d92a-9544-4368-b3da-15d5227e2485,d0cfaa52-6863-45c1-8766-2e3e72f128fc,2023-07-07 08:51:43.578594,2023-08-11
2f7dbd0b-05ef-4b32-b402-d674ae2f55a2,e6f4f352-ddf4-43e5-a85d-92bff247aa6e,2023-09-04 17:30:12.708179,2023-09-25
58c40ac3-4136-447f-a8a3-1c3b5f20ac90,23d426de-baca-4fdd-a14b-edadb5d21f5c,2023-10-05 21:20:57.267699,2023-11-05
a92f95a7-0a94-4123-bbe0-782c36725508,f186c605-0796-4b01-a308-a6bca72fbb40,2023-10-08 10:23:36.348473,2023-11-09
5d630e82-c381-4f9b-a454-d7d464eaa406,8fa50f55-043a-4023-bb4d-f86637c4a76d,2023-12-09 21:03:22.272900,2024-01-02
da12d72e-14c1-40cc-9f42-14f8fbf7d9ba,cee6148c-68d3-4465-87ad-e6ba8105f610,2023-11-03 01:58:10.500429,2023-11-20
56b41e4c-a52f-4505-a66c-fba6c8eb112e,c6017f5a-f2bd-4a9e-ae1d-ea73d07c37df,2023-10-04 23:49:04.270834,2023-11-04
a2251c66-863c-4d05-9ada-882403c0ec31,ac67842c-ab41-494c-b677-0c63a1188be1,2023-06-23 02:55:46.846765,2023-07-29
711b239f-377b-4f3c-981c-4696ca841261,e0c4053c-bf01-4b31-93b3-fc2d53e45673,2023-10-19 23:33:20.241853,2023-11-18
b9de7177-8f2b-4988-9921-801c1b3a950d,1df6abc9-2507-4eb7-93c8-eff078deb36f,2023-11-26 22:15:26.439316,2024-01-01
2f3eca55-6270-4821-bfc0-1142739dee75,21d56397-164d-4e2f-932e-da67f5b673de,2023-12-04 20:18:33.710162,2024-01-15
3c31b126-d88a-4962-a947-13ff08869114,0e45d13f-d3de-41fe-936b-6e302a0d74f9,2023-10-27 11:39:00.283606,2023-11-30
9f7ae5b8-7b51-48df-a63b-a4467247e3af,753c6b4e-d4ed-43d1-ba6c-fd9650fa77dc,2023-07-21 21:01:53.774206,2023-08-13
223c5334-5da3-4d99-9cae-b249843179c2,9fb65591-5308-4bbc-9d33-ad8847d6d8a3,2023-12-17 11:15:26.175996,2024-01-19
e2a530a0-2c78-4c63-abed-1e87229e3ef9,8bb7b104-0258-4249-af36-055b06ed6028,2023-04-05 20:47:38.037839,2023-04-22
f9c02497-8b1d-4984-b3ab-267daa68a850,1928b517-e031-4a4d-b37d-5243c851aec3,2023-04-01 03:28:59.187704,2023-05-01
685e5b50-b2c3-46e6-a772-814597769837,7e6b2148-3807-44c9-9f97-ad50036b5b8b,2023-11-15 21:56:00.706847,2023-12-05
ba620814-a90b-4c1b-a745-88854c16e282,2f5fdfab-5156-411e-8109-05a13c87bfb3,2023-09-13 23:26:51.795573,2023-10-13
ab906765-5e68-4426-9597-227291e972f8,9ba1d7f9-6d71-470c-b319-a66a9a4ce8fc,2023-11-10 23:32:07.127067,2023-12-16
ca98ba7f-7f40-43b3-86dc-edd6dd6fc5c9,ba24a91f-f3d1-4cd1-9625-733fa83bfdee,2023-11-13 07:31:05.001580,2023-12-24
b9c90d0a-5d80-4042-84ab-3c329c3cffab,e19d67c0-d7b2-44f7-af27-088937d3a9b5,2023-03-08 02:38:22.745853,2023-04-15
d9247d3e-347c-463b-9409-f4e3ca565c32,24d5d055-7fac-4189-bb63-4ba38a566ac0,2023-08-29 13:10:33.586151,2023-09-30
e39c6119-84c4-4494-ad6a-66b6f0f0b3ce,07ad7f26-0079-4525-bbd6-e89741f7fa8d,2023-10-31 20:30:10.930140,2023-11-23
ae0dd29e-0b40-4ec8-89e2-4ae60f80dd8d,e1627274-27a5-4ea0-9464-6f86cf318cf7,2023-08-01 00:35:52.408300,2023-09-03
956656c1-52e3-4dbf-8a85-248c2b43c501,75eadd73-48fb-47c9-a290-2da3086f7c30,2023-09-17 14:27:16.166928,2023-10-25
92e7b749-cd9a-496b-ad68-9921466319ae,bf1552fb-9723-40d9-ab24-32d471fca3c0,2023-12-06 11:51:35.851254,2024-01-06
015cf4ef-a025-4051-8573-97e7efe5406f,0177dbe8-0c39-4452-ac70-2dbd58784f66,2023-10-15 19:32:48.480252,2023-11-22
6e67cd76-1762-4117-ad42-aadb13e45086,77377ab8-e092-4f38-a0bf-502f9ba9ccb7,2023-12-21 14:14:53.873454,2024-01-04
100079a2-ddd1-4013-a50a-a37d1dc04cce,b341fe92-93e6-49d7-930c-2610f39b8ed2,2023-11-26 19:44:43.405326,2023-12-11
ff6c000b-3359-4117-90bd-f1dd7fd389ee,7657c5db-4981-4023-b02f-8ebae5260253,2023-10-30 00:43:42.468895,2023-12-10
09803cc7-5263-48ac-8f84-851905c40d06,428fe28d-306a-4a4b-8675-21d7d7f6ceea,2023-08-06 23:43:33.392632,2023-08-31
9dd7daf2-7407-4f69-91a8-6dd735e27e0e,357a9348-f40f-4237-a428-74207e33b269,2023-09-22 23:54:31.230628,2023-10-25
508fd21f-7ba0-4ec6-bc8d-f7cc10ea8f03,9e1a301a-4814-4084-abb0-d18be481bed0,2023-12-19 02:28:29.512057,2024-01-26
91dcd88d-309e-427f-bcd0-613d8426878d,6bd8c548-676f-443b-8cc7-097eaf49e8ba,2023-05-16 12:04:33.364236,2023-06-12
d934abd5-e68a-40ad-9db6-99470326c010,a57e896c-c048-4ee2-941a-c4e1cd2f8e39,2023-03-27 04:01:54.230131,2023-05-09
34aa3cc1-d92f-4987-8055-b7a88397a4a1,c6f83d3d-c472-4001-8c08-2bfe7c49c0f7,2023-07-24 05:22:05.652627,2023-08-22
86ba3292-7b07-4ea8-b514-dcb12ac2285c,a06a4a57-568e-4af8-817a-12aa02d0fb5b,2023-09-24 02:12:58.719356,2023-10-19
ca4af39b-322e-472a-9550-fa3e006a2718,5902d19f-5d62-463e-9f91-646e279ab38b,2023-04-13 23:11:50.774234,2023-05-21
7b6fb6b4-cd56-4163-bc83-7ea1722b2838,4e33ecef-c9b9-44f6-8531-c1bc197a2e64,2024-01-05 14:26:52.601592,2024-02-10
fa50d89e-758d-431a-85e5-d1abc3954e25,eb79f4a4-a0b6-4dbb-af61-a3a8001ebb61,2023-07-02 22:52:26.686704,2023-07-16
0624ca4e-6842-4823-957a-22d0fb18bd6b,85baf25b-b50a-4cb0-96f5-7b09816c201c,2023-10-21 17:29:42.905643,2023-11-15
070bf425-b463-483f-afde-611f2afcc789,7c66dc27-698f-490c-a17e-2325782c3f25,2023-10-16 05:11:06.754639,2023-11-12
6436d03c-75eb-4201-8bc5-4e3f79d94fb4,bfbfc4b1-6cc4-43bf-93d0-006e78c4836d,2023-04-21 00:35:28.156420,2023-06-04
338be405-396f-4894-80c5-354db7ab2438,c553c522-6e70-43b7-9d2d-a9c7bb8382f4,2023-05-27 00:29:21.041350,2023-06-24
699b7cbe-75d8-4dab-99d4-28dd904018f2,ed7a19d2-dd60-4011-b3a1-ca7c50c075b1,2023-03-14 11:10:25.548534,2023-04-25
413bcaa6-fa24-47a1-b049-ce3d6c4ed3ef,0c008a2c-191e-47f9-b89a-a7898133a9ee,2023-12-12 23:25:04.578246,2024-01-22
d63f2ebb-fac6-403f-a0b6-0b849fd95abb,d0c5c854-39cf-4762-b5d9-56ced774ac16,2023-12-26 05:00:35.931093,2024-02-03
eb57b634-56e8-4230-a498-5b8c3a91f844,2e845e10-7a10-4c0a-b6b0-14b30de1bd76,2023-09-28 13:14:51.761624,2023-11-08
2441e4a2-d24c-4e63-b625-6db5d60b7ae9,07950eba-db85-4df6-b21d-8028a3099c2c,2023-06-28 21:45:49.027046,2023-07-23
17e87b9a-b8f2-4fc0-9b28-965daf40d51f,60012be4-6512-4c1f-85cd-9cd278445d2d,2023-08-01 01:22:22.091519,2023-08-18
f5f4b472-e836-49e8-8e51-c113c4445d58,ec629c83-e4d7-4752-ad75-f373db44dbaa,2023-11-14 03:45:33.993822,2023-12-05
3e85aa6f-fd88-4bac-abb2-0713265c412d,98736ae8-2168-4ed8-ba87-db73de9e7444,2023-11-13 12:04:50.595825,2023-11-28
648f8229-25d0-43e5-b03a-20cc14609601,b6d8891c-d8ae-4b52-beca-0dc7ab92826a,2023-11-24 15:38:12.679446,2023-12-13
235ffc17-2edf-47de-a4a7-9402e0cdce6f,84d47cf0-56b5-4bf1-b477-4042aac1eb9b,2023-07-15 11:48:50.365856,2023-07-31
386624c0-9f61-4763-8303-10249a77598f,338c4bfc-3382-4dbb-a0e9-03637c5399e9,2023-05-03 13:05:23.497938,2023-06-05
a415b765-06d3-4e53-8ac5-870240f8b232,1211d980-9eeb-4686-821e-3490fdd9f241,2023-09-18 16:06:20.909497,2023-10-07
ca033d18-4692-4475-8132-1a6c2ea0e168,4f0acc01-3345-4476-94b8-bdf54eab57db,2023-12-20 01:00:18.928062,2024-01-11
6eae2832-80a3-4564-bdda-245104121499,78a9ba81-23d1-4f69-9f17-fc26baa996c5,2023-10-06 16:43:46.497910,2023-11-09
b67f7530-d233-4a2a-b193-d1c03128483b,e1e7e723-a616-4241-88f1-7be73df63893,2023-08-17 05:21:01.526563,2023-09-11
2f7ec55c-60e8-4db1-818f-7b7681355c33,79c7338c-1890-424a-93e4-f1c92736d279,2023-09-10 09:54:21.364396,2023-09-28
b61d1641-f301-49ef-8a70-28c4a879e13d,42b55c5a-8aea-400c-ac27-442886256ca3,2023-12-24 14:08:36.358378,2024-01-16
743bcba9-55a8-48a1-888e-e1832fd586fe,efb7d02d-9fa7-4987-bfad-c0bcd16667a1,2023-09-22 10:35:15.226025,2023-11-03
ff5a40e6-174d-443c-a21a-ae288fbd11b1,31270098-7f5f-4b31-91a3-0154e7e7fa90,2023-08-07 09:47:34.372741,2023-08-26
b830daa0-aa3d-495b-828e-da4120103aca,cfdb197f-508a-4b87-8995-2fbcc747dafd,2023-12-07 14:31:58.307498,2024-01-05
b69b22ba-243e-4659-8d1c-8aebab8b1bb1,5406ad77-8e8a-47d2-ae33-84ca186942d6,2023-07-16 06:47:09.270692,2023-08-10
23182162-5b1a-4875-8d98-0a46711b92c5,b14d4a86-4e77-406c-9fc4-f5b8de02b77d,2023-11-07 15:57:50.775970,2023-12-01
f1d7a88a-9eb2-44e3-b72b-02f6e1346dc9,7a08753f-1ff8-47bc-81a5-3444fa5022f0,2023-06-02 08:13:35.689931,2023-07-14
7f1c4834-b58d-4611-a7dc-39e4d17ff09d,454ba246-5b51-4627-976c-6e53fc7fffbd,2023-10-10 17:30:10.535439,2023-11-04
3d7b50bf-3105-4c9d-ba4e-3c7ec69e7581,e02b72e8-c583-431e-b441-b17ebfb7aaec,2023-11-11 09:16:00.224145,2023-12-11
d5c36256-77c6-4588-8b61-5f1006e8ac9c,9c473006-c17a-4b24-8436-bd94c752ae8e,2023-08-21 13:28:27.149932,2023-09-17
557e6028-52f9-4d48-aa54-9e74a667095c,cf9dc131-5e73-43b1-a279-0fa876bbc0d8,2023-06-20 16:13:33.877768,2023-07-13
d48e15ff-2a54-42ae-b32d-9550284210c5,bc837557-9347-495e-beb8-19d91d0f1af8,2023-05-03 22:07:31.264588,2023-06-13
bd9ae6dc-b2dd-4197-8413-505d0cc8277a,d7c9e885-284f-4afe-a747-300c1b0e30a8,2023-10-23 08:04:15.722279,2023-11-23
f46d07d8-4032-4b0e-8d1b-81ae4be947a4,8522c193-5cf9-466f-9c29-45cb3741900e,2023-12-07 08:50:14.095526,2024-01-01
f7807a2e-4171-4683-a161-4397d81d2621,c0617d8d-a58a-4d17-ade9-d1876d16f6b7,2023-09-29 18:09:33.365657,2023-10-26
a5b3b532-d0af-4f4b-ad1a-cc1f98e90331,254561d0-46b7-4194-bd4d-40c5b97be093,2023-07-03 09:52:04.650468,2023-08-05
46760cfd-b923-44c6-91bf-d9ede3b6148c,0607e9fb-1bb3-43d1-aab4-1575960bf5ac,2023-12-16 01:29:47.410585,2024-01-19
f9c8a3cd-a84b-4053-af11-a3b7225d1971,44a41b11-1fa5-4227-b5d8-070fd3e789e0,2023-09-17 19:10:54.116481,2023-10-22
954f51f3-0e11-4f1b-99e1-1df5b1b94589,ce772d43-db35-4cfa-adb2-6ba1a953bd6b,2023-11-07 06:41:33.806497,2023-11-24
248f42d9-956d-47c5-93d9-35de7538f863,66f28a83-217f-48b8-ac24-badeec568aa5,2023-03-21 10:16:29.321622,2023-04-27
e253ff0c-3c92-4db3-a436-7ffe92e9c027,b3721c24-3e13-4be2-b936-f53ee10cfd9e,2023-04-21 12:07:40.935176,2023-05-14
4e6506c2-63a4-4035-aa8e-3c1a61504133,3a5776f3-eb4b-47b7-a0d9-2b653520ef9e,2023-10-04 14:23:32.156203,2023-11-17
207b2ad5-6ca7-4bc9-b14f-f300452b76b2,9f5f5169-5a54-4b17-be36-bae876198560,2023-03-29 17:38:07.772028,2023-04-17
b5324ada-7d8d-4cc3-b6d1-7e5b89a0adc6,4dcfe76a-2874-4d59-8642-b3c783ccfe55,2023-08-05 19:25:27.934905,2023-09-01
e92de3f9-861d-43f3-9263-1b39ddc8e0a9,3adeb916-feeb-4949-9b56-23fe7f34ed7f,2023-12-07 05:41:26.995390,2023-12-24
fa747d11-b9d7-43eb-8cfe-0de7dd92f50b,742c3b10-87a2-4508-9efc-f3aa54f68fa0,2023-06-22 15:17:32.677587,2023-07-13
aed48764-aea4-44e6-92d6-9dcdb79c274f,b63d2ca2-7b58-432b-9a76-b955155dfc63,2023-10-14 09:10:34.034349,2023-11-11
32488edb-aef2-4b19-a6fd-2df97d6e757f,11afd676-913c-4a78-a450-13ff0a878583,2023-09-15 10:30:11.576758,2023-10-12
73a183d6-c048-4e70-ac33-6eee4ad468e8,3d0b39ac-f4ee-4b1c-9f75-454bdf63c59b,2024-01-11 19:23:44.989727,2024-02-14
8c44e1d2-fe93-476b-bcbe-b0a0a2ce3eb9,62b3416a-bed0-48e7-a40c-207b70d8575f,2023-12-29 21:27:04.985211,2024-02-03
c1384790-2b41-4d5f-8050-96d71a0ac0cd,6cc78876-fb90-44e5-9674-701f16e66a1d,2023-09-30 05:34:05.473617,2023-11-06
dd2daad4-370a-41fd-bd3c-9b48368db5bb,cf55fc06-3153-4efc-8060-4ed6c3e345c3,2023-08-04 09:36:29.819434,2023-09-03
0458e3f5-4367-47f6-81e6-b731e9300118,34889b81-3226-48a0-9db4-098ae2a372e3,2023-02-24 15:29:51.440744,2023-03-18
71f0e9e9-3027-411e-9395-004a4b6d63cf,6911edfc-bfbc-401c-a59f-cc69c0bf8987,2023-08-25 19:16:35.820799,2023-09-30
fe790b95-213d-4fcb-a834-8e897aaf63f0,c1a698b1-1a7c-463d-ac8a-0f292cfd0afc,2023-09-12 20:38:04.857079,2023-10-16
9c4bb772-0b8d-4669-8092-cb0ac82f690b,7e763371-1c67-4a8d-836e-dd4c0ac14ffd,2023-10-23 18:58:57.084721,2023-11-29
38e157e2-6a2b-41c6-8021-98edb35ecb15,a1723821-523a-4bb4-92a9-57573a08a856,2023-04-22 20:36:01.762107,2023-05-08
60711400-14c5-4c11-b0cd-058834ec6b51,a021f9ef-6954-453c-8535-63789252eb44,2023-04-19 20:05:57.504668,2023-06-01
9f79a9ac-9695-4319-a23d-64b85b6e411d,99533909-97cb-4b78-8736-918013397b78,2023-12-20 02:48:36.972820,2024-01-25
fac2ca12-3291-445e-b5bb-e6c8da92eccc,db953baa-61be-4525-adf8-0ecc2b3c0811,2023-08-18 02:37:27.111229,2023-09-16
e1eb1cf5-274e-4087-9577-c236b6356e58,bb6da958-c138-4e4d-a947-1c589904a243,2023-09-13 11:26:01.111535,2023-10-24
16b66515-d4f6-42e1-86e2-2458f13817af,240d3840-f989-4990-8cc4-d13b6cc1b3cd,2024-01-16 14:08:32.269185,2024-02-24
2dcb92f9-1f75-4514-8b96-fc40d40f152f,04150fd9-d292-40d1-bc49-4adcb5fe3e7a,2023-12-01 03:28:17.393195,2024-01-09
74c417f9-02ef-41a5-a924-1142f3891369,6edf7fa4-a6ba-46a1-87fd-a01a48f38858,2023-12-01 09:30:46.684326,2023-12-28
1dde5711-7fc0-467d-b663-1ce6e7cd1181,2e4a083a-4ea9-4898-b510-111e19d1e843,2023-06-23 17:18:09.014646,2023-07-21
40841f7b-50af-4e60-a10c-120dec997cfc,040b9713-617c-4c15-b66f-05613df17ee1,2023-10-09 00:43:25.127240,2023-11-21
8ad9a2bc-39fb-4702-a278-02cde1c5a58c,dd7bedf5-e5c3-4ce1-b997-d030bbbb9b38,2023-11-23 07:45:11.991065,2023-12-15
c4adc346-3041-4d74-820d-c5883f483d70,dde6ffaf-0126-4076-85ca-12c7c3167b70,2023-11-26 19:44:42.012659,2023-12-15
dd286258-f764-4ce8-9ccc-ced9f2b39dd1,3104b2d6-9753-41f0-843d-958236e3745e,2023-10-26 12:26:59.375762,2023-11-27
c7e57050-e60c-4293-81f6-7777a0a93de8,2f1cb704-7c01-4e8c-a6fa-1facfbaee565,2023-02-24 05:03:51.165813,2023-04-09
05b20f10-2a54-4054-a344-6db147cd1b92,78f01456-b539-48a1-aa1b-ccbeb150c250,2023-08-31 11:15:32.046099,2023-09-22
27e9e061-f605-466f-ba88-42efac6614a2,d60e6602-bbda-4457-8b21-8da4cee7d80f,2023-11-03 02:19:45.587869,2023-12-05
cc58a93c-b951-4054-bdfd-6acf43582c17,26bb2cb8-491a-4dbf-88c7-47b608fa34d6,2023-11-20 13:43:23.434040,2023-12-11
a6b0080a-c6d3-4f22-908f-7b54ff4fea22,b319f9fb-5ec7-40dd-93b6-0332d9a929ec,2023-08-31 03:08:46.626613,2023-09-22
a99d8151-0688-4762-926f-33ef0669e955,8ab6a22b-54f3-4ffe-8220-3f57740adc50,2023-07-10 20:26:35.757848,2023-07-27
358a3f0c-7e48-4f2a-90ac-a8a23ff84acb,441ea95a-f2e9-4a23-a716-3a1eb449e7e2,2023-10-08 14:05:41.040604,2023-11-01
3874e4cd-b4c5-42a3-be93-3ad811f52200,b97fd847-1864-442d-b495-580f2065a68c,2023-05-24 01:35:49.995899,2023-06-27
a3a947d1-b897-4c68-987a-11102d5a05e9,85c9b2db-72fb-429f-897a-d9b87ff2f3c4,2023-05-07 08:21:28.707955,2023-06-08
7c190305-eef6-41ae-971b-77e06d4fda56,f0c445c7-8a79-4555-9a3a-53de068b674d,2023-12-18 16:15:28.577550,2024-01-15
14dfe0ed-d7c2-49e3-82ee-018cf88f9f5d,0a1949c3-0587-47b9-a593-0c036788900f,2024-01-09 04:37:07.317035,2024-02-05
9e9d908b-a1ae-4767-aab9-8c939a54ebe3,9e920179-4d79-4cec-94de-cb8643af75e1,2023-05-19 01:28:34.448651,2023-06-18
abae5ab4-2c99-4f71-a156-a842583d5046,1b8e8b2f-93f2-4d54-bd04-7c3cf1fd3a0c,2023-05-15 10:00:04.317714,2023-05-29
0fb6d23d-6c23-406e-88f9-ae0507d333ca,bf13b4ff-1816-4397-b67b-f3d39c8e1ce5,2023-04-01 18:26:48.732124,2023-05-09
52de1e66-d158-4537-8a0e-4fe8a52bf106,09595df6-a27e-4c36-85c1-85a8528b249e,2024-01-14 18:34:47.174700,2024-02-22
e97f0364-7240-427c-999a-c9b5c529ce75,7cbe9593-dc16-4814-96e9-252286942209,2023-11-07 09:11:54.551276,2023-12-14
