offer_id,application_id,offer_ts,decision,comp_band
8976d9dc-9c02-4a37-9494-aff60f1732ea,ea806a63-fe52-4744-8784-7255e8a4eea3,2023-06-15 15:14:30.880821,ACCEPTED,A
b4b0a6f5-c68c-4bfb-9a3e-af89a279291a,5b4204da-5e95-4eca-89a2-f3398e975f2d,2023-07-01 12:55:46.436470,ACCEPTED,C
3e99b1ca-f7cc-470b-a930-a38781848008,d25c8a30-3576-470f-a5d9-2213a30629f7,2023-10-08 04:22:47.561440,DECLINED,A
89d04e32-1f97-4dbb-8dfc-5af7c7bca8d5,82e182f7-0af8-4a7c-b9ba-f49963574abe,2023-12-16 12:41:43.256445,ACCEPTED,C
b3f34aa7-0163-4c18-8b58-a9679b3d4a6d,8e59e6d3-4cd2-4fd7-9c11-0ab36a4b518b,2023-08-08 02:09:08.930124,ACCEPTED,A
575b998a-edfa-47fd-b752-21d740fc85fa,e4dc9410-051d-4843-a9a3-c81703a71719,2023-07-01 22:18:18.807520,ACCEPTED,A
bb2e183e-2e04-4637-86d6-73b9919611d1,b17c4c08-193c-4d3d-a125-2018f2d5e36b,2023-11-21 15:19:48.760473,ACCEPTED,A
a9aeeb38-de12-406a-be91-10b29f460a6a,291ce625-e4b1-4974-8d3e-584398a01040,2023-04-20 07:27:44.334849,ACCEPTED,C
382e816b-edd6-4d6e-98a0-d0cb3cc6ceb2,a25f920e-1195-4ef8-b4af-0215c5fd1ff4,2023-10-05 13:06:47.420031,ACCEPTED,A
16598f94-054b-4fcf-abfe-11ca295b0700,5fcc7fcf-84e2-4bcb-99fc-8f51940885b1,2023-08-03 06:01:51.885034,ACCEPTED,B
e8fd1fbd-71d0-4c5e-a3ab-99b1d8ce8e0a,497e2a0c-9199-4e77-9f0e-6549492f05e9,2023-09-20 04:25:57.025934,ACCEPTED,C
2e084370-3444-47eb-b083-d48d126a66b9,a6c0abe9-ec69-42f8-ac08-56006ca292c9,2023-03-20 09:04:33.548088,DECLINED,A
792e3fb2-be6c-4091-91c9-9d487cb8ccfd,e16518ff-d552-48f4-a60e-1fd7d806a772,2023-11-30 01:39:36.017543,DECLINED,B
8b9094f5-3c93-4943-a3bc-7f1fd2c67616,5985eb79-9aff-449f-b37d-5c170370534a,2023-09-29 11:37:21.516319,ACCEPTED,B
501e89ce-c5dc-479a-b54a-ea733807dfb6,be838f99-ae90-41e0-8168-2140fcec7ab1,2023-09-27 13:43:55.449754,ACCEPTED,B
3fe3bd7f-e746-406e-84dd-63e59975d657,1b1821b6-c422-43b8-b7a3-8f9f0d4ee7b9,2023-03-15 03:21:14.551906,DECLINED,C
82746d13-bd1b-483a-8ad3-f059babc0a67,8470cddf-cebe-4a8e-b5fa-281a89efd2fa,2023-11-07 01:30:23.215858,ACCEPTED,A
b045461f-c4f9-41b2-ab30-72a85112f62b,7005f0e5-ae86-40ef-bffe-b1d750db8180,2023-03-18 10:22:51.561212,ACCEPTED,B
2a0e9819-f5d2-43a6-a9a6-7d7f93c50f37,c5bd55f0-6a2f-4e23-a68b-468c5b3b81b4,2023-09-21 18:09:57.571733,ACCEPTED,C
7144b6d3-fe63-43d6-9f9a-1b32ef1fc66f,eb68ebdd-f3d7-4389-a052-45bc7db713bd,2023-12-18 02:17:13.866667,DECLINED,A
8be9ebde-c5b7-4d49-b162-57436678d194,554799c7-0eef-4023-a560-d8cbc959b705,2023-09-22 01:26:40.874281,ACCEPTED,C
398b5c07-d367-42d9-bfdd-db1cb0de00b1,b2d5f577-0c28-4ea9-8a83-ee6867ca8b30,2023-11-17 10:42:23.512809,DECLINED,C
801aa73c-86dc-41c6-a516-bdf1366bb3fa,767d2ffc-423a-4ac3-86e2-15c6828fcf29,2023-10-22 09:29:50.132253,ACCEPTED,A
5dba3cfc-ea16-4ffc-8615-0e0a7bc85fac,79e3115f-4d4b-42de-91f4-9ef68ce1ecd2,2023-08-06 06:11:31.801387,ACCEPTED,C
39214bfa-76e9-49f0-9ec3-29792ad851d1,ca35bcd0-4305-4d14-9fd5-ff3b92e319bf,2023-12-15 15:10:18.831228,ACCEPTED,B
fcd375d7-7fbe-4772-9bc3-5f1ce6ba4997,79b12165-8c0a-4c12-846e-725949015451,2023-11-05 12:21:04.299728,DECLINED,C
00b1a8bb-16a6-4743-bbe5-2b14fb7dbc8c,41c6c28e-e83d-49e8-8049-094eb28161e5,2023-10-13 18:23:52.725365,DECLINED,A
da1c3c07-7a9c-4bd6-a9a0-479561ac9be5,1a8a44e4-bbf6-4d1e-8946-b0a7fbedcf48,2023-04-29 20:16:05.044034,ACCEPTED,C
e286f566-d842-4f30-bbe1-6586e10fb755,35cb4f7d-2b39-497f-92c5-4d378059713e,2023-12-17 19:28:00.305147,ACCEPTED,A
23e621b4-8a02-49ca-8527-aa5714d8cd03,8c9c0d4e-9cc4-47b0-baee-17e1a88c339b,2023-10-18 20:10:13.810229,ACCEPTED,C
f540a8ec-8f01-4054-90aa-abf4ff209d19,53ea7fc8-6bf9-44d6-be6b-d03f074aa419,2023-05-12 06:37:17.609128,ACCEPTED,A
299fcf3f-0075-40df-beb9-4e45f7daf4a7,07998c60-7cf9-4456-a071-94bed4539cb4,2023-02-10 10:53:25.219334,ACCEPTED,B
5a5496f4-0f72-4dc0-ae51-6245b0372f4b,2baf6c24-9429-4338-856d-b80b71e03742,2023-08-25 15:35:33.831164,ACCEPTED,C
96af8212-e503-41c3-b24a-8bdcdf7b7cc1,9a4fb428-b96d-484d-ae30-379bb0d92107,2023-10-05 14:08:00.307648,ACCEPTED,A
05fe55d3-8b09-4a08-afb3-e639db8d6c05,3de85458-e10b-4304-8f50-6ff4a25012dd,2023-11-16 10:44:58.856317,ACCEPTED,B
15d7cf1a-0617-4c75-a6b9-89ea58603e02,4d307372-74f3-491a-a349-2776f3b04791,2023-03-21 20:51:49.023433,DECLINED,B
223d3d77-3a38-49a2-a129-6d457a19a899,5c152287-9765-4498-a5e7-542cca6227e0,2023-11-16 01:34:05.124152,ACCEPTED,B
b1e72f75-8847-4282-ad96-f9c7926c649a,b1c1a2a4-6122-420e-8d30-238ed387f9c7,2023-09-17 20:37:48.574150,ACCEPTED,C
099df740-fbb1-4582-82b8-84779af44533,1afc218f-7c2b-4012-b7e1-22ea70817bed,2023-05-28 10:40:27.585391,DECLINED,C
c5a23667-24b6-4590-b882-a0d5a57c8d4b,dd6af78a-1167-4f01-80f4-a0586fa4b5c1,2023-11-07 04:12:31.379086,DECLINED,B
982ad4a3-6b91-47f2-8f80-7468d2573457,bbe8b4b4-5954-4673-86c4-0182d7de6cf9,2023-10-07 23:25:30.418581,ACCEPTED,C
e00c45e5-784c-409a-afe0-b88ec8aa3dd1,fe0d8d18-0a04-4f7f-a648-d77ddd54f7c2,2023-08-22 18:26:14.208678,ACCEPTED,A
636d05be-e2d8-4ae6-8d56-e382dd7b6cba,6defe9b0-1398-4821-9a5b-778543e0b725,2023-12-08 19:28:07.025545,ACCEPTED,C
0b4f4aa8-076c-4032-804f-76bc84218d1f,2e13d4bb-8f39-4cd8-b2a8-0e1e1d5f3c89,2023-11-02 13:13:56.011025,DECLINED,A
5fe083ea-6763-4200-81e5-6d25d87d21f7,546cd593-c647-491a-af27-cdc9ec5d113e,2023-07-30 22:13:05.905196,ACCEPTED,B
c1c69111-5537-43d9-a40b-e6d57267b62f,0c77e788-187e-4ea6-adec-54e4c60d5053,2023-11-01 18:43:28.582948,ACCEPTED,B
0c185606-614e-4051-8bbc-0d8a51212f1c,1141a914-352d-497f-8317-580171702e2b,2024-01-14 04:58:04.709471,ACCEPTED,A
faa30b98-e453-49a6-8044-ecd6229632c4,d5e80b87-d8d2-4d42-93b6-bee97b562c60,2023-07-21 18:21:19.687859,ACCEPTED,C
f9e04779-0624-40ff-ab06-e7f7e11fb90c,b9a6d028-d84a-4eb2-b49d-e6c4e7012104,2024-01-07 22:15:04.878612,ACCEPTED,C
e0a19437-299c-4905-b5c8-743c343f55f8,20f8771c-1415-4fb1-a5d5-6435d76a9554,2024-01-06 01:25:50.692206,DECLINED,B
891e3463-9cfe-4e6a-a6fa-f6ae1e89958e,6c75badc-d488-4c69-9438-1f063ebb3fcb,2023-10-07 17:44:14.916080,DECLINED,A
1a71ee18-a494-441a-9988-d28f4c1f7d5f,05ab2a79-81d5-490b-a234-cd911dc12f53,2023-10-31 03:23:06.306658,ACCEPTED,B
64631981-8c29-4b28-8165-7267c1487a62,ec27706c-31f1-4b76-96d9-11f25249f1ab,2023-11-23 23:18:00.696416,ACCEPTED,C
119c15f7-b4b7-4ea5-9f27-239b1f76dc32,82a3e219-e2bd-4228-8276-2865dc14f341,2023-05-22 12:51:16.723276,ACCEPTED,C
07269d6e-d09c-4b21-a0be-6d6232992dd5,1bc8cd2c-708f-489c-9c7e-33e21c86e7db,2023-05-02 12:56:30.154020,ACCEPTED,A
8ca4a63e-af38-4913-8d7c-b137c603e5b3,66d58570-1bae-4ef2-aac0-3a16c99a7ea4,2023-07-21 00:39:08.432450,DECLINED,B
bb0ba653-a00c-4953-9b07-f939508c82da,4c43ffd0-1d29-4ea1-923e-4c037d6fc403,2023-09-03 14:04:26.299325,ACCEPTED,A
118088eb-f712-4c73-ab22-99c31986a72c,3bcfdb58-72ba-447b-8d9e-d18cd641db44,2023-05-10 17:11:44.597506,ACCEPTED,B
bff8d426-62c3-4b89-8d3e-502d5a8f3fcb,a52c2743-3db8-4dff-947e-e8cf4b85f5bb,2023-09-17 06:19:13.975072,ACCEPTED,B
632ad580-b9f3-433c-a6ff-0ae7cd78ee22,168ddf9d-96f8-4676-b4fc-55d50472bf95,2023-04-26 18:08:32.553665,ACCEPTED,A
60a868c4-8827-4a7c-8a5c-0a51ea2f2c0b,590f6ced-495e-43f5-8689-edf91bf07840,2023-06-16 02:31:21.894821,DECLINED,C
bae20acd-97cf-4513-8943-f7cff51ea7fe,41064391-5c0b-4f48-b384-150c2681c67e,2023-09-18 00:55:43.918965,ACCEPTED,C
5d145c90-7e8c-45cc-9e96-3822cec09ddf,c9dfc556-f812-470c-affa-697117775011,2023-08-30 03:21:48.544611,EXPIRED,A
75d21cc8-38c4-49e8-aafd-4ef003bc1ad2,0410585d-3673-4f1d-9fe2-697a603b11a8,2023-06-07 03:08:14.173889,ACCEPTED,A
5d34f6f5-beef-4783-b8af-fc85e98dba1c,f27832fe-1992-4846-a355-b9ef3e41e904,2023-10-29 00:05:34.787008,ACCEPTED,C
67b8eae4-3393-4a11-b1f8-c7a671f0b5f6,801d2e68-39dc-4522-a089-21201ec0ece5,2023-10-02 00:00:50.395484,ACCEPTED,B
083f6437-204e-4327-9686-ce22b8b02f29,7c5a8e13-a794-436b-b8ef-6a2966c7ae33,2023-09-10 06:48:24.965819,ACCEPTED,A
d0e5f770-5b40-46dd-86f3-12291478f9c3,6bfdae19-ab1f-4101-b2f7-122d0dba8744,2023-10-22 16:25:19.778998,DECLINED,A
140c1acf-8aff-410a-bccc-76579e7043f7,8142d42b-b629-4148-9075-9a75e00fc1c2,2023-11-14 19:02:23.113588,ACCEPTED,A
21de499d-a360-4453-9623-95de93f4a823,debffb1b-9935-42b6-b5dd-a9c20a00bb8f,2023-09-06 23:42:58.793907,ACCEPTED,B
506a09f1-8b30-45b3-802c-d8d800e116f5,c58a14d8-5fd3-4c12-837f-ef0030152027,2023-12-07 16:22:05.621553,EXPIRED,C
4d4fca85-371a-49a9-873d-758ce26d4265,ac9dd5e4-9320-463d-a8e2-86cc3bcd2b2d,2023-09-29 22:23:40.027183,DECLINED,C
1f598da9-c69f-412e-a70a-6ce8fea40e31,a15548bc-4365-4e95-99d1-ca7d0791e5bb,2023-06-22 14:38:52.030503,ACCEPTED,C
74b203fd-059a-480b-a15e-c5861986a97f,ed969c22-7cf2-401c-b9f9-b71665ea2fc6,2023-11-12 12:01:18.072440,ACCEPTED,C
993b2e89-785f-48ca-b13e-a39997a6201c,d818ded9-73ce-4eff-8665-92ed4e894770,2023-06-03 19:34:34.380215,ACCEPTED,B
611a56af-561d-464d-a7b7-34751e4de960,542abaec-8a63-417f-ac20-adfe1d480881,2023-08-16 15:00:21.250275,EXPIRED,A
5828c018-c9be-4079-b7e2-e0918a04b81a,11703dc4-5867-481d-81e3-febde17e0c0c,2023-10-07 03:37:39.200328,ACCEPTED,C
8cdf1c2b-c5c3-4299-9b7c-9d71fe69228a,64e4ece9-eafb-46e9-bc22-257a1277630e,2023-06-05 01:18:26.797869,ACCEPTED,C
8e985166-97d1-45e7-bb0e-b0026cb97565,71ea4d64-fe62-430a-8742-22b63263756c,2023-03-19 09:43:09.639249,ACCEPTED,A
ac906fa6-e8f4-4a44-826e-1aa03099aaeb,c162471a-c7f1-4d1d-adae-8a33906b078f,2023-10-28 10:39:30.328162,ACCEPTED,A
42566fdf-e4c3-4f1a-bcab-0970143bb58e,9e49585b-393b-49a6-8c31-8c492b31db56,2023-10-28 04:51:05.052241,ACCEPTED,B
fd1c390c-7dd0-4daa-b313-7eafea4a9b32,45d0204f-1ea4-4b89-a5e7-3ff2355c0201,2023-08-12 12:46:32.362728,ACCEPTED,B
30f9ab8f-f82c-4354-b46b-7f003e2e8c87,50426d9b-2164-4070-9d64-04436879ff65,2023-08-15 02:42:48.239965,ACCEPTED,C
33a13449-3215-40ce-bff1-7fa81ae7e352,5f9ac337-bb51-4f8f-9123-301f156ae466,2023-11-28 07:29:59.742563,ACCEPTED,B
8497e5e5-c718-4811-a967-6d3904752520,14ba6a4c-6553-4d66-a220-5ff75bfed01e,2023-08-17 04:23:35.203705,DECLINED,C
c5eb2271-b0ad-40d3-ac58-d4393165ddf2,68122b5e-73b9-4afd-8ed7-7ffffc3c1066,2023-09-08 16:49:38.863379,ACCEPTED,B
8d79a3a2-ab11-42b2-96b3-62e22d322b88,537aa46e-5f74-45f0-be62-c7db920d9146,2023-07-29 08:58:51.177563,ACCEPTED,B
9472494d-59ab-4b9c-bef9-934f30836313,e906dcf5-2de4-4f8f-a4f7-d2036e569f62,2023-06-23 15:46:43.716379,DECLINED,C
7e46e14f-6fc3-4110-87e8-e186821a51cb,46416d34-360f-42dc-b8bb-a38098b0e9e4,2023-10-29 04:46:07.292974,ACCEPTED,A
a30aa0ad-2738-4268-903b-71193ad47191,febc85e3-a538-4e92-9306-136b52cd718f,2023-06-09 21:42:42.100137,DECLINED,A
300d5228-0758-4f19-ba4c-32986823014d,12c0b2bc-b4cc-4e08-a974-c841f6a0f0f4,2023-09-26 11:51:13.354066,ACCEPTED,B
90f0db3c-a0fb-4df2-ae23-0adaf6ccb4bd,e31e0bae-fa91-4318-9842-02df644a591d,2023-07-20 17:51:54.286671,ACCEPTED,A
7693efe2-87dd-42cc-9b69-697b5e215298,441863ba-0293-4fe7-89e5-0a420890dd9a,2023-11-12 01:41:59.008097,EXPIRED,A
085bae1f-71af-4b01-9c7d-3e9e4fc92d0c,fcc759f4-692b-40fb-b3ba-badc5429b6f7,2023-10-27 11:33:31.657709,ACCEPTED,C
d77ea46f-2e42-435e-9f65-dda076c2f01f,6923ca67-3f35-44d4-9c1b-50d80b1d79e2,2024-01-01 07:05:17.721062,ACCEPTED,A
ad396a5b-2d8d-4583-b844-526e2a813c49,991a0d7d-f207-45e2-98ca-425dc87354da,2023-08-28 07:39:04.014817,DECLINED,A
ccb37547-3094-4962-bf55-0a80486103f2,62bc4261-6393-46a6-bb74-420cda7ecd07,2023-08-28 02:08:53.256647,ACCEPTED,A
d315baf7-3d0a-4996-be9b-e162ccc17981,68f280f3-6ae3-4215-bab8-f00fee66611d,2023-12-22 04:48:45.166394,DECLINED,C
3a1768f6-855b-4b5d-83af-a04922e84ff7,dcb32eb3-8409-4be8-b05e-e26858b3dea6,2023-06-09 03:52:49.392555,DECLINED,C
37bd76fe-593c-4397-932d-413a61ba5842,4452eeac-7f5b-4238-98e1-54e1a7097d55,2023-10-26 08:25:58.701774,EXPIRED,C
b905c0a3-ccdb-474f-9eee-40aa4561548d,755b965a-53cc-4ae5-891a-bc6b9a8cc629,2023-05-08 20:31:47.468472,ACCEPTED,B
57aad7c0-4e09-4be8-809f-048c80831a48,c1a474a0-a0e0-49ca-a6a6-c0a0759b2258,2023-05-26 03:42:55.512911,ACCEPTED,C
7419c6f1-1ae1-42b8-b3cb-191d5429e757,583b28ca-68a3-4714-ba30-173179471ee5,2023-08-31 13:11:09.739780,ACCEPTED,A
9a883e91-a0f6-46aa-9ca1-fa4885808d54,92e8fae9-8c96-42ce-b8f8-03dabd54e13a,2023-12-20 19:18:04.954809,ACCEPTED,B
a6add051-15e9-4aca-8f4c-83477ffa9dcd,b816f9d1-2f4f-4fa2-87b2-6ee062c1c00e,2023-07-05 20:41:56.352023,ACCEPTED,B
d19417b8-8f5d-460d-baf4-40385fcb2973,96fe1be5-5005-4cd7-a1fa-924c76600bf7,2023-05-26 07:41:16.577431,ACCEPTED,B
cb610f3f-89ec-426f-a03e-5dc7bd304e66,7e3851b0-be46-4c41-a028-4533318c7d2c,2023-04-09 22:40:27.575597,ACCEPTED,A
840fc666-0b15-4458-85d6-305bd78bd8b4,b903c646-fefb-4464-83ae-45a20be44a4d,2023-03-14 22:22:06.007289,ACCEPTED,A
5580aa19-9bf0-4e9a-a282-34bfa01489d7,f0cbea5c-c902-4920-bb46-c384d89eb3e8,2023-05-27 09:05:46.348048,ACCEPTED,A
9cf7fe49-49dc-4515-b628-dde658ffb279,787f4f52-d2ab-4049-bd9b-c0587fdd6ff5,2023-08-07 23:02:50.406599,ACCEPTED,B
e8358435-267b-434c-88e9-868a1731478f,e0a37452-3898-40e6-80f8-963e555275c9,2023-11-09 02:08:20.260252,ACCEPTED,A
3a28edaf-de49-413a-b587-10d88e8ec44a,69ba665d-ea05-4bdb-a4f5-94fcb8bd9e17,2023-04-07 03:36:45.229261,ACCEPTED,A
f7d49321-4b83-46fe-bed9-4a5b3140ce9f,d87c5d2a-3620-4ba5-b524-a54b552e6000,2023-10-13 04:08:22.530942,ACCEPTED,A
1d60a2c1-91d4-4a76-8169-037f70fa3915,11a1337c-8b7e-4cfb-9776-18127f056476,2023-10-02 19:48:35.250439,EXPIRED,A
11c875d4-3e66-4715-be31-d2ac66a29669,aff03b34-a617-4fd5-b4ff-e02cb516f86f,2023-10-22 00:06:52.174117,ACCEPTED,C
e9b63285-f471-47ab-b947-7a8d6e3d5687,9b617be7-1a07-4e2b-810d-c73c5737c937,2023-08-08 09:28:38.721732,ACCEPTED,A
ef0bc6bf-4120-4e22-9a40-4bc786d5a8e1,8528d4b6-d0ca-4cdf-9297-bd6e08d9ae85,2023-03-07 18:31:12.212486,ACCEPTED,C
bd843bfa-3026-4690-ab02-b23b21ad3228,26a11487-2968-452f-9ed7-26e2c6eda808,2023-03-15 01:44:38.187023,ACCEPTED,B
0575601b-e53d-4a6a-bf25-45f98fe7bb60,fe934ade-3e3a-4fb8-bffd-ef6c3835a833,2023-07-17 21:42:13.486056,EXPIRED,B
e19a0afb-57d5-4071-8c05-d5dcbda39e15,a5ab7ca6-ce71-4a03-8e02-9fc08f3e46d2,2023-10-30 05:04:14.981028,ACCEPTED,A
8ac1de8d-e030-4431-8447-db64e87ea910,b45dabeb-883a-4539-8722-3e4c9860c0cb,2023-04-25 06:02:58.983093,ACCEPTED,C
32805b77-6020-404c-bb27-da9d6410fa70,ee46763c-6ef7-40f2-b753-f016c0a75d1a,2023-10-07 15:53:08.538731,ACCEPTED,B
32ce43bf-c10a-409b-8ef2-270ad0776479,f067292e-6e8a-41a2-aaf2-211447828c7e,2023-08-06 03:25:17.753232,ACCEPTED,A
f2f07c6f-16d0-450d-aeb3-b694f803fac5,05ed7591-094e-42d6-ae15-b3067643bcd3,2023-08-19 19:07:00.604969,DECLINED,B
dc68a8ed-617b-454b-825c-4eb1da29ed9c,451e49b4-a985-4483-987b-996e6827967d,2023-11-10 12:57:39.705949,ACCEPTED,A
50693d74-5804-4ab6-acaa-d760bfe82a31,aeed46b3-5403-48a8-851e-71a745b57302,2023-07-27 06:54:21.064198,ACCEPTED,B
8729e426-b083-4795-bf81-09249184088b,55ab28ae-d2d7-4a78-b16c-a6f4cb5a3c5d,2023-02-15 23:08:58.614367,ACCEPTED,A
0a7347e7-1a25-47d4-8a32-640f792b52b5,2af1cf6e-10b7-4470-8bb5-e891e58ba979,2023-10-24 12:24:07.957366,ACCEPTED,A
3fb9bf8a-82d8-4b4e-ab47-18b86760e87a,d7677490-55d3-47be-adbd-1b6b0f59f14b,2023-06-11 18:16:59.723162,ACCEPTED,B
d52a83c6-77cd-44ac-b23e-cdb06656a430,579f3013-c4af-4a31-a760-bd7a738482fa,2023-06-13 00:44:48.108129,ACCEPTED,C
623e5918-9b7c-4ab1-868c-08b88bf81360,1209853c-b384-4267-a019-fa3d5ac64759,2023-06-24 13:28:08.838308,ACCEPTED,C
6cde92cc-d821-4cc9-ab99-6bafac26a99f,2a1cef1b-ff89-4d56-96cb-98fd6427e730,2023-09-19 23:41:31.214135,DECLINED,A
a416af81-5c6e-4d8b-9469-abec2ea8c1a3,37e883f0-0e26-4345-9822-ce2d0753c9d3,2023-03-22 09:11:56.194984,DECLINED,A
7620ac8f-82bd-4b38-a860-68184de93419,5b8a05be-c1be-446d-aaaa-f096a34fd364,2023-03-13 09:00:56.100356,ACCEPTED,A
c5a2f4be-56df-44d6-a7f5-a5d2c40c73e3,58cc39fc-447b-4c56-b2cd-88a1bb943c50,2023-10-11 23:04:41.677041,ACCEPTED,B
be5d05a5-4afd-4748-955c-c5f5d1de81b5,c0752376-060c-442d-92a2-e25347792890,2023-09-02 10:18:52.335120,ACCEPTED,B
2d01f430-235e-4251-bb48-cdf7a5aaed1e,82ed045e-b6ee-462a-9016-2e44f0d2ac65,2023-06-21 18:38:03.608124,ACCEPTED,A
0f95a42f-9d5b-4b7d-a2d2-5b51d3802bd1,d4be6ded-fe42-4c5a-8f24-85ce2a79332e,2023-09-07 17:53:47.113107,ACCEPTED,A
a9b9198d-c5ea-4b33-be98-b59e75dcf841,6ab88a8c-c158-4710-9968-5a6c83be7661,2023-04-15 10:55:13.488263,ACCEPTED,A
223e69f6-8f47-4262-b546-018fdf3e88bb,80c8d65e-1f4b-4054-9a34-541638eee2b6,2023-08-04 21:26:55.555193,ACCEPTED,C
1b0dd95f-19d6-48df-aa83-4f652da2d077,c4445445-1bc3-4288-8bc6-8c2ada193f6a,2023-07-14 17:37:53.117123,ACCEPTED,A
07e7b027-7421-4f84-a82b-eb1a1c4f95c2,61d6c079-d4a3-4f5d-be35-a22bc781301d,2023-04-12 17:28:33.090155,ACCEPTED,C
f3f40eb4-f308-46d9-986a-169bdbb08d35,28f707b0-8c35-4d1f-8731-1a2f596675c3,2023-11-21 15:13:35.128196,ACCEPTED,C
cfaee2e1-1245-4a15-a7ca-e9313ab07b6c,9b89bdf1-5a1e-4cbb-afd0-a5a62ebef179,2023-11-02 13:30:33.611419,ACCEPTED,A
9344d5f7-f7a2-4d3b-bd0b-775d2ddd400c,e357de48-dd3d-4755-b71e-ffb4d072a4d8,2023-10-20 03:43:41.687576,ACCEPTED,B
75f46f49-3391-4e62-a0b8-611da2e3c8be,a9816f0b-e18d-4512-9dfa-2e1ee23bbd1a,2023-03-28 02:52:32.633344,ACCEPTED,A
6da05f35-2437-4f0e-9896-42ac81de52c5,849bc67f-e018-4954-beae-e0a4274a0fc6,2023-09-17 12:43:52.233491,ACCEPTED,B
0c44a815-73c1-490b-a059-fc9bf2fe55f1,34ca6b20-2ea5-4a2c-b3ed-dc4e7155fe53,2023-08-19 21:11:33.354046,EXPIRED,A
c5746b7a-2fd6-4a07-a789-459350bee28d,262b97e7-b282-4334-b88c-e85dc6a836a9,2023-10-22 14:01:19.873628,ACCEPTED,B
17214ddf-5a53-49e2-9cc2-46bade06e2e3,5c6e7290-04cf-4086-ac97-c3ad54eb18a5,2023-09-07 23:31:56.596863,ACCEPTED,B
4cbc321f-3ca5-42ff-8342-ee0e5ebe2cae,4414e390-5a78-4cc3-9703-3810de2bf7c1,2023-07-30 01:53:12.314163,DECLINED,A
a2408386-bb23-4957-8314-891d0f646c5e,fa074498-efde-45a5-8736-c3444ecfa19a,2023-08-20 05:18:36.986822,ACCEPTED,A
292199de-bd51-4db7-966f-8052c4fb81c1,69f97c88-2672-4f71-afe3-46c56be810d0,2023-11-30 18:21:39.860214,ACCEPTED,B
cf9eb1e6-4ef1-4fdf-9341-4d61fda3d3cc,ca0d49d6-910d-479f-bc88-f67b3ba09a6f,2023-10-05 17:53:40.875471,ACCEPTED,C
9931be36-0b66-4d5b-9793-4febdcdd2c6c,80262450-1d08-40ef-a086-4155b605ac84,2023-05-25 17:00:15.359866,EXPIRED,A
5d352dda-e5ac-4177-8827-9e821faa4528,963b88a0-eb83-4606-a9f0-7ad8507c2904,2023-10-16 07:32:17.814077,ACCEPTED,C
c1010760-ebc1-449d-ac37-41d2c57d151e,067f4a86-9fb4-4266-80a3-8073fc0441a1,2023-10-12 22:53:51.284866,ACCEPTED,A
41a9fd56-edc7-4da3-a96a-273a20696501,4e652a02-ece4-4ded-8f3f-60a3bf2ff27a,2023-07-01 21:19:13.656216,ACCEPTED,B
cec46205-66a9-41d2-859f-92d52ff8a4d8,0cd63309-be3e-49dc-a443-abf33927f6e2,2023-10-23 02:53:32.147583,ACCEPTED,A
0ee2c1fa-eec4-4810-a732-d343829bb906,b614702a-971c-448d-94f1-ba447f32a47b,2023-10-28 22:21:10.141241,DECLINED,B
fa5e838b-ed3a-4d06-9420-d9415fabc1bd,361699a0-189d-4ffe-aa1c-21fb56c36948,2023-10-12 11:30:49.326197,DECLINED,B
90f6bbd2-46d9-4131-af59-753d00f33452,a3efbe77-6b4c-464d-9046-a98a0e40129e,2023-04-23 15:19:02.943642,DECLINED,C
98cc3806-38ae-4152-9125-549bf6a3da2d,011a3216-94b3-411e-a0f7-8a2000e0071f,2023-10-25 15:53:03.218940,ACCEPTED,B
2e29b124-c01e-44c6-8b3e-fd41eba07410,da46c261-7f42-4887-90a5-2b733b653dd4,2023-05-10 07:05:12.145910,ACCEPTED,A
5ec13499-c57e-41e2-afe6-f314e98aff84,3d158d6c-ced8-465a-a315-f0227c3d1454,2023-11-18 15:57:14.453873,ACCEPTED,B
5364ce98-0154-4ddc-a888-7d3896a1b46d,0a801a36-3251-480d-932a-343730039a86,2023-05-27 00:40:13.017475,ACCEPTED,B
ed16adf8-9f76-43fd-b83d-8ed0dfb1067e,63d1a98a-209c-4ba6-bb37-21a547b51776,2023-11-04 05:33:36.710954,ACCEPTED,A
a16c824e-d3c1-48e6-b7ea-4ec779a9b135,02c88997-e2bf-45b8-bada-bfdcb8a4b1db,2023-11-12 11:13:17.798046,ACCEPTED,A
770a3f21-b855-429d-a1b0-2b020ba9d0cf,3a2fc067-32b7-4723-8afd-76c4c8b5f369,2023-10-31 16:03:11.446231,ACCEPTED,B
71ac854c-26f4-4deb-9d4b-31caf5f91f8c,0de2d5b0-ccbc-4b59-8125-0185920a6021,2023-11-05 23:05:53.899111,ACCEPTED,C
4dc5c286-5ba5-4baf-b8e1-84d2fba1d801,8a5ac2b6-7059-40b4-91fb-6b404863a291,2023-09-03 21:59:15.644094,ACCEPTED,A
ad262b0b-4b97-4d29-ac30-93e820363d9f,383a24d3-a8c4-4447-b0cd-cf736b00e79b,2023-11-17 08:43:23.594337,DECLINED,B
28047c1b-9fa7-4735-9eb9-3a6f5c355bb0,e4f75071-87dc-4a88-b6e2-43c2737c0823,2023-11-22 01:14:14.191463,DECLINED,C
fbf2ddc1-a47b-4159-8763-6b5a3fde15f6,45758cd9-cc1a-46e4-89f3-0c1d4c2fffc2,2023-06-24 05:47:29.722723,ACCEPTED,B
0c30ccec-c6bf-4d38-8004-51a30a59e3c0,f2677608-2fb9-4264-a734-51efc580a08b,2023-10-25 17:13:22.046642,ACCEPTED,C
d33e1754-a14d-4498-a410-dd707fb2d2ca,8db3cb43-6073-4bee-b708-fadf6bb824cf,2023-11-12 15:43:47.832003,ACCEPTED,A
62fc13b0-3bda-4cfc-979a-4bdbcca52770,d41e3bb0-9566-47ae-b078-2541577a9564,2023-10-13 07:24:27.842426,EXPIRED,A
dcd29776-ccdf-4bb6-838e-f26ccbd2277f,a735a620-2094-4471-80cd-0d5f5a768345,2023-08-20 03:28:18.370203,ACCEPTED,A
6c6790a5-270e-4e02-93ca-e1e162d8ed34,08ae272a-78c5-4799-99c0-4d2b32a2fc6b,2023-04-28 15:03:36.579341,DECLINED,C
7b04d341-2f17-49b2-828d-93645eab4fb7,3e98cee5-f218-4df4-a259-ceaa01ae0bd4,2023-07-07 02:16:29.915008,ACCEPTED,C
0537bf56-59b2-4352-918c-e0889416b23d,589b442b-dc88-4183-ae9e-7d4974aec21a,2023-08-06 13:02:45.631459,ACCEPTED,A
815a6926-07a9-4f0a-b8f2-eb7aa551dd94,e2d75f87-72f3-4581-8aa5-b41b63c17447,2023-10-31 23:12:06.596163,ACCEPTED,C
735be815-48c3-4be0-8c8c-abc480304ae9,06bed939-8715-4bce-95de-dadb71a5238c,2024-01-08 04:12:02.808496,ACCEPTED,C
21235729-bde0-4532-a82e-5bb484f7a05d,a70db4ce-642e-497e-b1ea-a096d7e56462,2023-08-08 02:56:04.343159,ACCEPTED,B
071282c6-babe-4b14-ae3d-aadd5bd5c79a,c50bba4d-745c-48f3-b465-830d5a6f06f2,2023-10-27 01:32:31.325492,ACCEPTED,B
4513c1e3-1800-4125-8d15-d820851c10c2,d23c1a5a-f40c-4c6b-9b04-0b2a945cf091,2023-10-19 01:35:03.322823,ACCEPTED,A
fa9b1238-fcfc-4e99-b4bb-115a2b48b0e6,529faf65-2113-4f33-8cf6-f26e3e324d02,2023-11-17 15:35:01.430573,ACCEPTED,B
61a7bbc3-1c27-48ba-b733-50b9d160c1e0,c089a023-b182-427b-8a8f-253045279255,2023-11-10 05:59:28.509077,ACCEPTED,A
87c2ef8b-566d-4e1b-9849-aed8e7f2a368,532f6f42-84d5-414e-bebc-ddcbdef2d601,2023-10-19 13:42:02.954699,ACCEPTED,A
31aeebda-2746-4ffc-994d-89ff9723e56f,4b131ebd-0211-4c6e-bf7c-7f05211a92e1,2023-07-04 14:36:19.921282,DECLINED,C
a52362f8-30ea-4f7c-b441-6081857b0b26,a2322ead-39d3-4939-82d1-143992360e21,2023-11-17 15:24:58.609152,ACCEPTED,A
7b8d2ce2-4e86-4fd6-b6df-4ba246a9205d,fa8dad64-3b8a-4c5e-89b7-10b966ef4328,2023-08-29 06:49:01.838510,ACCEPTED,A
4920110e-1e83-4227-9de9-428e20838684,03440ade-0a3f-4c36-9223-2466dab00433,2023-06-22 03:16:20.299189,DECLINED,B
aafc933c-6810-4a17-aefa-b9cc5a59b074,df9e1758-285c-422a-82af-377bc860f0f4,2023-07-25 11:09:36.491693,DECLINED,A
7108ddb3-4ba6-4652-8cd5-689d5e1a403a,9de4f93c-3d3e-4b34-8bce-e163fa909834,2023-10-04 18:00:13.809454,ACCEPTED,C
d719a2cf-90d1-4f63-9bd2-6e7798732c5c,b3d559ca-dbe6-4a55-9b30-ebddb78cf3ef,2023-09-19 05:44:00.357531,ACCEPTED,C
0eb11ac5-b05a-4b27-91f4-f8c4e18fd73f,808a01d3-1c6e-44ee-8b21-5fdc59844d7a,2023-06-24 20:00:48.135535,EXPIRED,A
c35a5e4d-7cd1-4e9e-9dfa-f944e04958bc,65308c5f-1f23-4e2b-a615-a0e957a70095,2023-05-27 12:06:07.937150,DECLINED,C
55e6cdc3-91c8-4280-b5bf-b06320ebc142,041a8357-d0d0-44b8-a6d3-ef4205efb9ca,2023-10-09 16:54:13.541233,ACCEPTED,A
60190037-5831-4318-bca1-6b1feae50ef9,b20109a9-2cc7-4fd0-80d9-9c0d0a25ce94,2023-07-20 03:00:30.947316,ACCEPTED,A
53ed7e3e-4207-42d7-83de-983d07c2bf4d,4209d862-5c35-496c-bced-0193ce0b8d06,2023-09-08 10:16:48.964121,ACCEPTED,B
b694a6c9-b0eb-4940-b646-06550839878f,989847c1-8e92-4dc9-92f5-bdabd4dcab06,2023-09-19 15:39:47.385898,DECLINED,C
e3c4216f-fb30-4485-ae6b-7ce9e4983225,b8e0f28d-a2a3-44ec-8daf-841a6e775650,2023-12-01 22:22:23.019635,ACCEPTED,C
e8f20e59-db59-4101-8a35-0b43d9cea5c6,63ea7568-45b5-49cb-be55-dd389df96bfa,2023-04-06 08:11:15.540525,ACCEPTED,B
7608e119-670c-4cda-8d90-8e53c80fe7d0,5f43cb2e-29de-44f7-969f-1040c5b2abcc,2023-03-26 07:29:17.933511,ACCEPTED,C
eea6a512-5338-41d9-98ae-6d0d3fd0dc70,056512a3-b791-4e24-8d77-5d25c70f74b3,2023-07-04 08:04:27.382964,DECLINED,B
751b3a4c-830a-45f7-9992-009d1e218637,b8e0f116-e157-4799-9a47-881ccd7db362,2023-04-18 22:38:12.533018,ACCEPTED,C
5b30654c-83da-4fee-8c91-cc376d8122ea,250ad42d-923e-4daf-978e-8d62111630da,2023-11-30 01:49:49.077250,ACCEPTED,B
fc2222dc-8471-454a-92b0-39144d23ab98,7439c564-14ce-4101-98cc-fb24c6141e59,2023-10-13 10:38:52.125795,DECLINED,C
46a315a9-55ff-48c2-8206-8a9d1638a41d,5aa4a28a-4dcf-4c22-9ef9-576f589b15b9,2023-11-12 14:11:43.716586,ACCEPTED,A
7e01f69d-58a1-4ab9-bca9-890393bb1fe4,83c7a46d-bcd6-46e2-896b-383a2d455636,2023-08-30 17:27:38.706360,ACCEPTED,C
77fd25ce-2c20-45f6-9bde-bb1d6f759335,4de853b7-e2d4-471c-ad74-313de16b3522,2023-04-06 00:22:55.600226,ACCEPTED,C
e8e8914a-93a9-45e0-acde-d82be83a42f6,b0ce7e97-8bc8-4796-a6ab-d560cc431320,2023-12-08 13:03:21.969023,ACCEPTED,A
9e26de60-144a-409c-8229-01b55672d198,962cfe7b-5314-421e-8db7-51cd04d4aa8f,2023-03-28 01:32:15.933496,ACCEPTED,A
bcf81840-0623-47bf-a699-2061f141668b,d0cfaa52-6863-45c1-8766-2e3e72f128fc,2023-07-02 15:38:14.631635,ACCEPTED,C
16966019-c939-4b41-b94c-27727011e8c5,e6f4f352-ddf4-43e5-a85d-92bff247aa6e,2023-09-01 09:25:44.079941,ACCEPTED,A
e185948e-5d7b-4ed7-a718-a90ad812d08e,23d426de-baca-4fdd-a14b-edadb5d21f5c,2023-09-29 18:01:25.043234,ACCEPTED,C
644eb97f-3548-4a9c-82b7-d7f303683e6c,f186c605-0796-4b01-a308-a6bca72fbb40,2023-10-05 15:13:59.710109,ACCEPTED,B
f7c8aab7-f950-459b-b8e6-0c6b83f05a5e,48750718-fe87-4ad8-9431-997c68887ef1,2023-06-29 07:32:32.643338,EXPIRED,A
f56f6f2b-2f0b-4e5c-9842-f645898dc8bf,8fa50f55-043a-4023-bb4d-f86637c4a76d,2023-12-02 16:12:45.371902,ACCEPTED,A
b71a5160-4cf3-44ac-a96b-000339764042,4579a77b-8404-4e0e-a372-b3960703c0aa,2023-09-03 14:20:40.951329,EXPIRED,A
31352ae3-afdd-4ab4-a3f5-f8859ca7a62a,cee6148c-68d3-4465-87ad-e6ba8105f610,2023-10-31 04:54:00.087658,ACCEPTED,B
1ec7f350-a730-49ed-9923-e45b5247b72f,c6017f5a-f2bd-4a9e-ae1d-ea73d07c37df,2023-10-01 15:56:56.595990,ACCEPTED,A
ec302d6e-2330-4fbb-99b0-ed6ffff2ce35,ac67842c-ab41-494c-b677-0c63a1188be1,2023-06-19 22:27:59.192869,ACCEPTED,B
82a138d4-27a7-46e2-86c6-a508188e3464,e0c4053c-bf01-4b31-93b3-fc2d53e45673,2023-10-17 08:49:03.212236,ACCEPTED,B
d11878c6-7c62-4276-844c-52a97f8ea359,1df6abc9-2507-4eb7-93c8-eff078deb36f,2023-11-21 16:57:57.830332,ACCEPTED,B
35c3d8ce-41fe-4839-bc99-bb8c1d6c4eb2,21d56397-164d-4e2f-932e-da67f5b673de,2023-12-01 04:26:13.736671,ACCEPTED,B
205b65e6-ed4f-453e-95d7-b9867bd61c7a,0e45d13f-d3de-41fe-936b-6e302a0d74f9,2023-10-26 19:24:21.478536,ACCEPTED,A
a148935c-7d97-4ebd-a71e-fa0dadae99e7,c6c335e3-6682-4a93-b17e-ba396c65ee84,2023-12-22 20:07:45.907791,DECLINED,B
6c466705-a803-4df3-a2b6-4d57aeaf0f0a,753c6b4e-d4ed-43d1-ba6c-fd9650fa77dc,2023-07-20 03:19:08.394936,ACCEPTED,B
6c4f83bb-524c-421f-bcab-738a0e2909bf,9fb65591-5308-4bbc-9d33-ad8847d6d8a3,2023-12-10 06:16:46.495371,ACCEPTED,B
f2db8590-2f51-42e6-948a-a6df29ac7604,8bb7b104-0258-4249-af36-055b06ed6028,2023-04-01 18:13:53.235555,ACCEPTED,C
49528cec-d9ef-4b5e-abd6-16040d52510c,1928b517-e031-4a4d-b37d-5243c851aec3,2023-03-26 22:26:12.202581,ACCEPTED,C
8444f825-3a33-4ce7-8acd-666410b3fe11,7e6b2148-3807-44c9-9f97-ad50036b5b8b,2023-11-09 21:31:46.427241,ACCEPTED,B
b08068ea-d7fa-47f4-9415-e30f3d7a0cf1,2f5fdfab-5156-411e-8109-05a13c87bfb3,2023-09-07 04:28:58.186129,ACCEPTED,A
a7787726-9f7e-418b-933b-2e11408a8514,c7336c01-6f7b-4912-835c-9aa8fe3ddb19,2023-09-15 19:13:19.829825,DECLINED,B
c96150d9-fa5e-4eb4-8ef1-11225e250220,9ba1d7f9-6d71-470c-b319-a66a9a4ce8fc,2023-11-03 23:17:09.258461,ACCEPTED,C
99812f6d-baea-497b-b286-300d5fde0047,ba24a91f-f3d1-4cd1-9625-733fa83bfdee,2023-11-09 04:03:00.351184,ACCEPTED,C
dc2855fb-3306-4e92-9206-47072548c29f,6a4ed69b-db2c-4625-b418-3be879cbb338,2023-11-18 17:23:36.827533,DECLINED,C
7ba740e5-1334-4ec7-ab44-857bebbfa0fa,e19d67c0-d7b2-44f7-af27-088937d3a9b5,2023-03-05 03:43:14.362455,ACCEPTED,A
b09f7b0d-2961-452b-9cdc-13963626eed4,7e8eba34-7f1e-4635-b8d7-cae5e5ca4d3d,2023-06-23 01:02:35.490956,DECLINED,A
29e3a87a-5f60-4943-866c-c2e2c8c1ca9f,a32abf35-b33c-47d4-8836-06246b0cc653,2023-03-13 23:43:38.597934,EXPIRED,C
a77c7eb0-c5c0-4405-874a-d03ea5fa08ea,24d5d055-7fac-4189-bb63-4ba38a566ac0,2023-08-22 20:24:30.411425,ACCEPTED,B
5304a8ec-7ff2-4b8e-be34-94be64fb7839,07ad7f26-0079-4525-bbd6-e89741f7fa8d,2023-10-26 13:08:28.873420,ACCEPTED,B
bca2a5bc-85ea-409a-851e-c1b1b458a9c4,37e80621-5376-4159-841e-f074547fe05d,2023-05-29 11:34:21.139067,EXPIRED,C
1a5c1271-57aa-4673-aa0d-c0471cd48c68,e1627274-27a5-4ea0-9464-6f86cf318cf7,2023-07-29 11:48:02.437194,ACCEPTED,B
85466a49-f386-44b0-a5a2-869043b9fec2,75eadd73-48fb-47c9-a290-2da3086f7c30,2023-09-16 22:04:32.422143,ACCEPTED,A
f7413962-6dee-4811-b7bc-f0735bbcb12d,e6bbc37d-afc6-4c09-a103-70bf77d1b76f,2023-08-22 15:53:24.743865,DECLINED,B
244e62c4-6417-4356-95f6-3f5f6202b339,bf1552fb-9723-40d9-ab24-32d471fca3c0,2023-11-29 06:28:08.419232,ACCEPTED,B
1a6b32ad-14e5-4f3e-b2a0-b4b33415c1c6,d9dec510-d468-40e3-bbc7-a7c1f36084f3,2023-06-16 16:05:17.079034,DECLINED,B
a940b5da-dbf9-4ad1-9f1e-c83ab9810a5a,0177dbe8-0c39-4452-ac70-2dbd58784f66,2023-10-12 04:22:41.720718,ACCEPTED,C
8f4c4311-d532-4639-a550-239aad9a0b49,77377ab8-e092-4f38-a0bf-502f9ba9ccb7,2023-12-18 22:55:30.315423,ACCEPTED,B
ea42425d-eeb4-4ca6-a71d-c6aec37d5794,e7254e81-6133-4c4c-ae2d-132d01b76677,2023-11-20 21:53:47.369298,EXPIRED,B
e832daec-0685-4136-b316-6d54dc4db4aa,0c7e599f-648e-4d05-b2eb-6b8ccb9942e1,2023-04-03 19:07:40.253734,DECLINED,B
01bd3ae5-dbfc-47fc-b5e7-50329b0f9b34,b341fe92-93e6-49d7-930c-2610f39b8ed2,2023-11-20 12:42:53.064896,ACCEPTED,C
00d8bc86-43af-4f70-8a8c-56a763ba3107,7657c5db-4981-4023-b02f-8ebae5260253,2023-10-27 04:54:11.055279,ACCEPTED,A
e8370626-85ab-4d7b-b661-4fd67f0131df,ad1461de-e202-4894-8e4d-deeb6de7ad8a,2023-02-13 06:34:43.956293,DECLINED,B
6e6ad0bb-026b-45fe-9409-a74756ee15f0,428fe28d-306a-4a4b-8675-21d7d7f6ceea,2023-08-01 02:33:17.092541,ACCEPTED,A
e8dc1d4e-e964-4c93-8037-00198faad37b,cfe042b2-3308-4f9e-878d-748dbb561c04,2023-06-05 08:37:03.968699,DECLINED,A
5006427e-035c-44db-97af-217eade52e52,357a9348-f40f-4237-a428-74207e33b269,2023-09-20 04:03:01.287191,ACCEPTED,B
5c86c0b0-5433-45f6-b0c2-d3b11088a36b,262042d6-76c2-41cc-8413-009d9e9c6e09,2023-03-21 13:46:30.565374,EXPIRED,B
17497535-2067-4893-b25a-591f3741bf3a,9e1a301a-4814-4084-abb0-d18be481bed0,2023-12-10 10:29:20.966924,ACCEPTED,A
62bd3e6a-e728-4563-a316-d499a947707f,6bd8c548-676f-443b-8cc7-097eaf49e8ba,2023-05-09 18:15:47.489192,ACCEPTED,C
367042c0-93c4-4a4f-96f4-27bb6713fec6,a57e896c-c048-4ee2-941a-c4e1cd2f8e39,2023-03-22 01:10:57.615332,ACCEPTED,A
375bdad8-186e-4562-8f21-9414c67753f3,c6f83d3d-c472-4001-8c08-2bfe7c49c0f7,2023-07-18 22:39:39.011469,ACCEPTED,C
ecf30d77-a8b2-449f-a5a9-a5081a5c5c1d,a06a4a57-568e-4af8-817a-12aa02d0fb5b,2023-09-18 08:27:12.313874,ACCEPTED,C
ede062e6-8791-4f46-88b2-12a352bfd7ce,5902d19f-5d62-463e-9f91-646e279ab38b,2023-04-11 14:26:28.872429,ACCEPTED,B
b98b4c0d-20e1-4956-9268-792c3a4939d9,0bd8ee6e-8085-4a2c-afa2-6f61365cd980,2023-07-26 13:52:28.587755,EXPIRED,A
ce9451fd-7e53-40ab-be3c-0121c6736587,4e33ecef-c9b9-44f6-8531-c1bc197a2e64,2023-12-29 02:17:09.367252,ACCEPTED,B
1a75e558-4b26-4a39-a6b0-1339da4bfc4e,eb79f4a4-a0b6-4dbb-af61-a3a8001ebb61,2023-06-30 07:46:50.516656,ACCEPTED,C
19601608-ff56-4074-aed7-81e0dcaca1eb,85baf25b-b50a-4cb0-96f5-7b09816c201c,2023-10-18 08:39:41.476437,ACCEPTED,A
c0d019b2-55de-4b61-bcbe-be322da476b0,7c66dc27-698f-490c-a17e-2325782c3f25,2023-10-13 14:57:35.132181,ACCEPTED,B
3d8f7ede-6462-47b8-a461-9b242ee1adee,beb8cf98-f206-47fc-8c7c-83260f30943a,2023-12-09 00:00:43.019817,DECLINED,A
acc33662-279e-4477-9bb0-ca335ccfd7a9,4e37ead5-7c01-48fa-8f11-6913129e8829,2023-05-29 02:07:33.009114,DECLINED,C
a1dcf2a6-cd13-43ab-a96b-644521df9843,021a867d-3243-4af8-b8a2-fd5597a7ec0e,2023-08-09 21:12:59.179551,EXPIRED,A
fb07b05e-a99a-4c3d-bd78-2c6499ca3329,bfbfc4b1-6cc4-43bf-93d0-006e78c4836d,2023-04-14 18:00:44.385404,ACCEPTED,A
907590ee-569d-40a9-9322-78e7bc090511,c553c522-6e70-43b7-9d2d-a9c7bb8382f4,2023-05-22 23:30:03.058724,ACCEPTED,C
8c965100-09f2-409c-b8fa-503cdf8ccba8,6c051262-a837-47da-b8bc-3473625aafdd,2023-05-30 02:01:45.116475,DECLINED,B
af36ff55-cd5b-4fbb-85bb-8b7198898117,ed7a19d2-dd60-4011-b3a1-ca7c50c075b1,2023-03-02 10:21:45.772361,ACCEPTED,B
31e213c7-fdaf-4ed9-9ea5-203e606088c7,0c008a2c-191e-47f9-b89a-a7898133a9ee,2023-12-09 03:29:46.806188,ACCEPTED,B
55fd515e-0e86-40e1-98d9-48d8e40c54e2,d0c5c854-39cf-4762-b5d9-56ced774ac16,2023-12-22 05:45:46.811749,ACCEPTED,A
21574abe-2590-40de-b343-b4277f893551,2e845e10-7a10-4c0a-b6b0-14b30de1bd76,2023-09-25 03:20:20.110987,ACCEPTED,C
eec3039d-aa47-4f33-8141-d8e4b08b7006,07950eba-db85-4df6-b21d-8028a3099c2c,2023-06-21 00:38:09.961065,ACCEPTED,A
87a7c05f-df5f-4877-acf5-6078c28b0deb,60012be4-6512-4c1f-85cd-9cd278445d2d,2023-07-23 21:13:55.654899,ACCEPTED,C
15525937-4110-4114-a6ab-a78f7879d6d6,ec629c83-e4d7-4752-ad75-f373db44dbaa,2023-11-08 11:03:31.905242,ACCEPTED,A
490f3cb2-30fa-4743-8033-7ac2d8175f82,98736ae8-2168-4ed8-ba87-db73de9e7444,2023-11-09 08:50:31.775461,ACCEPTED,A
3d4e142f-ca26-47f0-bd6f-709f09ecc53b,b6d8891c-d8ae-4b52-beca-0dc7ab92826a,2023-11-18 11:31:28.573539,ACCEPTED,B
10e26bfc-2348-4bfe-acc9-7109d17ac88b,84d47cf0-56b5-4bf1-b477-4042aac1eb9b,2023-07-10 21:54:07.734621,ACCEPTED,B
877e2648-ee5b-4b7f-99b5-922631dead21,058ecfe2-4b46-442f-9e8e-f14441c4bfa5,2023-09-03 02:58:22.078956,EXPIRED,C
29ed9ade-9a08-4cde-b916-cfe5d8f4ca8f,338c4bfc-3382-4dbb-a0e9-03637c5399e9,2023-04-29 06:32:48.906065,ACCEPTED,B
4403c239-b173-4ebc-8932-9a483869628d,1211d980-9eeb-4686-821e-3490fdd9f241,2023-09-12 18:02:59.987461,ACCEPTED,A
a1ec29fb-864e-4ed2-aacb-5b61c1f3a64d,4f0acc01-3345-4476-94b8-bdf54eab57db,2023-12-15 01:23:53.399554,ACCEPTED,B
5ec9537e-0955-4223-bf99-9438638c76e2,78a9ba81-23d1-4f69-9f17-fc26baa996c5,2023-09-30 07:57:02.252472,ACCEPTED,C
81b500bc-fd37-498e-8efe-e1b3986fbced,e1e7e723-a616-4241-88f1-7be73df63893,2023-08-09 22:11:21.265891,ACCEPTED,C
4bd9c5c6-8dde-4e4e-9c5b-97f72e02dd19,c9ad8ae0-ce99-4a6c-a7e5-95e243323194,2023-06-25 08:14:22.190117,DECLINED,C
353841fd-b60c-4a01-a193-abbe9e32f387,79c7338c-1890-424a-93e4-f1c92736d279,2023-09-02 21:02:43.290766,ACCEPTED,B
a395c44c-438c-4875-9f41-d44fd08c4844,42b55c5a-8aea-400c-ac27-442886256ca3,2023-12-18 01:06:07.152803,ACCEPTED,B
e54ab393-2ac1-4a41-9523-5ef9c730288f,efb7d02d-9fa7-4987-bfad-c0bcd16667a1,2023-09-14 13:23:01.496134,ACCEPTED,B
ac6f4f08-0cbc-4f7e-a064-f14028a31594,31270098-7f5f-4b31-91a3-0154e7e7fa90,2023-08-03 13:21:25.136916,ACCEPTED,A
2f620236-88e1-4481-b921-d7574ab50276,a64c43b4-a726-48f7-8888-88565226a6ea,2023-06-13 04:56:15.147219,DECLINED,C
6016466f-100f-4057-b681-216052efe2c0,cfdb197f-508a-4b87-8995-2fbcc747dafd,2023-12-02 17:30:27.828497,ACCEPTED,B
3008e5b7-f68b-47d1-abe9-7bf54a59ef56,1b9523ce-9b69-4640-bfed-ef74efb1829a,2023-08-30 16:53:14.953716,DECLINED,C
c90eaf8f-eade-4062-84c6-b364fecddd91,5406ad77-8e8a-47d2-ae33-84ca186942d6,2023-07-12 16:53:21.602369,ACCEPTED,B
736ac670-5a79-4a55-b2d2-4c1f64873537,b14d4a86-4e77-406c-9fc4-f5b8de02b77d,2023-11-03 06:16:24.668796,ACCEPTED,B
d355cdd9-3c7a-4dd7-840a-f4bab659e62f,d64a7b0f-457d-468a-b914-a3f175caaa3c,2023-10-11 13:39:24.811065,DECLINED,A
2ca9686d-c2a7-4320-92ff-8dcd6bbe3571,7a08753f-1ff8-47bc-81a5-3444fa5022f0,2023-06-01 11:11:48.307125,ACCEPTED,B
542c895a-2930-4563-8392-4bfe5f70580d,454ba246-5b51-4627-976c-6e53fc7fffbd,2023-10-08 20:17:39.026938,ACCEPTED,C
d578d503-4a21-4607-9334-0268ab66ade3,e02b72e8-c583-431e-b441-b17ebfb7aaec,2023-11-04 22:05:44.766636,ACCEPTED,C
8d479a09-de6f-463a-a10d-c1b42b30ed41,9c473006-c17a-4b24-8436-bd94c752ae8e,2023-08-15 17:17:42.693267,ACCEPTED,C
2527af82-9a70-4883-850f-3b55d4dae059,cf9dc131-5e73-43b1-a279-0fa876bbc0d8,2023-06-15 20:17:28.054501,ACCEPTED,B
61c71adb-e45c-4d68-8ce6-1102cc0951f4,bc837557-9347-495e-beb8-19d91d0f1af8,2023-05-02 13:08:30.063778,ACCEPTED,B
3ca47dc7-070e-4de2-9798-58af7382a97e,d7c9e885-284f-4afe-a747-300c1b0e30a8,2023-10-15 18:03:55.745399,ACCEPTED,B
49539e5d-9c20-47d5-9f85-cd92e3b414a4,8522c193-5cf9-466f-9c29-45cb3741900e,2023-12-03 19:22:28.288973,ACCEPTED,A
43562e7a-8e3d-431d-9862-ba6df78af1d4,c0617d8d-a58a-4d17-ade9-d1876d16f6b7,2023-09-24 01:39:19.753426,ACCEPTED,B
f680ed01-d344-4e11-9ada-26a56f0cac70,47e26d0f-23c6-446e-a9b4-870c59f0a82f,2023-12-31 00:21:24.340592,EXPIRED,C
144d5740-d45b-42f4-9fac-c4d9d11865b8,254561d0-46b7-4194-bd4d-40c5b97be093,2023-06-29 23:54:45.023252,ACCEPTED,C
5b339c01-305f-4c6d-95ce-2d334c5f7054,0607e9fb-1bb3-43d1-aab4-1575960bf5ac,2023-12-10 21:25:46.870617,ACCEPTED,A
e2ab183b-a629-4f27-95ad-95b82d04d06d,44a41b11-1fa5-4227-b5d8-070fd3e789e0,2023-09-13 07:26:27.570046,ACCEPTED,A
c13310e4-7898-48d9-abf4-bbce92c2da0d,ce772d43-db35-4cfa-adb2-6ba1a953bd6b,2023-11-03 04:37:03.370526,ACCEPTED,A
39b96576-85eb-43b5-a072-7e3b6cd36441,66f28a83-217f-48b8-ac24-badeec568aa5,2023-03-16 03:27:10.812152,ACCEPTED,C
121c7909-a30a-45fd-9d93-aa6e4ff8c777,b3721c24-3e13-4be2-b936-f53ee10cfd9e,2023-04-20 14:56:55.052518,ACCEPTED,C
f55190df-4bee-4426-97a3-b2b7c600ec02,3a5776f3-eb4b-47b7-a0d9-2b653520ef9e,2023-10-02 12:35:31.954877,ACCEPTED,C
41a14529-405b-40be-aa8c-0cd9d17fca87,9f5f5169-5a54-4b17-be36-bae876198560,2023-03-24 08:35:41.404028,ACCEPTED,C
af03588d-7059-4185-9a2f-6d30f9302c9d,f5df0345-d14b-4cd0-afd2-f0f6ec5bb44f,2023-07-10 00:21:32.673981,DECLINED,C
8e817bb8-e3e4-43b3-8e5e-85a477770d25,4dcfe76a-2874-4d59-8642-b3c783ccfe55,2023-08-02 14:16:51.359230,ACCEPTED,B
525ae84a-03cf-427f-9ee0-46d41602fe7e,3adeb916-feeb-4949-9b56-23fe7f34ed7f,2023-11-30 16:00:42.500679,ACCEPTED,A
25f03158-a857-4402-91be-f57a30fd563f,742c3b10-87a2-4508-9efc-f3aa54f68fa0,2023-06-16 11:41:11.812163,ACCEPTED,C
9a3d019c-2e8d-49ed-b5b5-4bd7d9e755f4,b5239e97-a3f4-4f38-ab95-7eaacafcbcda,2023-11-25 18:07:16.926890,DECLINED,B
265b70a0-6d34-42f2-b00a-4cce527d7aa1,6a48e2ec-f103-440d-81a4-f097b377bb9f,2023-10-23 00:20:11.557385,EXPIRED,B
4a0e743c-7f74-4ae3-838a-5db30c5dc497,b63d2ca2-7b58-432b-9a76-b955155dfc63,2023-10-11 17:45:14.108378,ACCEPTED,A
84fc8c39-70f0-43bb-98f8-9b0b50e05331,11afd676-913c-4a78-a450-13ff0a878583,2023-09-09 12:09:20.465799,ACCEPTED,B
e6b9495c-d5cf-472d-b5ca-5d0ab5ecdfc3,3d0b39ac-f4ee-4b1c-9f75-454bdf63c59b,2024-01-05 19:56:47.678844,ACCEPTED,C
3a5cd84a-2ccb-47ad-adbe-99367ff81448,62b3416a-bed0-48e7-a40c-207b70d8575f,2023-12-22 22:33:32.859772,ACCEPTED,C
d49d26f3-9c06-4763-b146-8783a69ad149,6cc78876-fb90-44e5-9674-701f16e66a1d,2023-09-25 09:36:58.842842,ACCEPTED,B
90c35584-1c5a-4c5e-91cc-3fe643236ec0,cf55fc06-3153-4efc-8060-4ed6c3e345c3,2023-07-28 04:21:01.021098,ACCEPTED,A
7e88bdb7-883c-4ac5-aeac-0e7f146d3a14,34889b81-3226-48a0-9db4-098ae2a372e3,2023-02-22 09:43:07.410968,ACCEPTED,A
a2d06a2e-97b0-4efa-aa09-ad7cf109b9fa,6911edfc-bfbc-401c-a59f-cc69c0bf8987,2023-08-17 15:28:37.543304,ACCEPTED,C
34e85e3c-628a-4396-9d8a-019c7c8051e2,c1a698b1-1a7c-463d-ac8a-0f292cfd0afc,2023-09-06 01:25:47.609595,ACCEPTED,B
6c228669-5b69-438d-90ac-5873a8f8c6c5,7e763371-1c67-4a8d-836e-dd4c0ac14ffd,2023-10-17 16:19:32.074662,ACCEPTED,B
35bc09c6-e6b3-49d6-b72d-10299ff247e3,7edc01b0-65a5-4303-b216-81f02b01ceff,2023-11-11 15:24:50.222684,EXPIRED,B
97e1590b-6f6d-4a7b-9daa-98e142d3cd91,a1723821-523a-4bb4-92a9-57573a08a856,2023-04-18 18:51:32.700339,ACCEPTED,B
ace039bf-ba29-4f63-8369-b20487511167,a021f9ef-6954-453c-8535-63789252eb44,2023-04-13 09:39:25.206475,ACCEPTED,C
4dc70b18-86a2-4730-9d59-0f8c65f5ea08,99533909-97cb-4b78-8736-918013397b78,2023-12-18 12:19:53.848141,ACCEPTED,A
b37e9ecf-2ae4-4566-9310-fdf57bf7d21d,db953baa-61be-4525-adf8-0ecc2b3c0811,2023-08-09 03:24:12.347710,ACCEPTED,B
68624989-fbe4-40ce-ae07-fb76383acf2a,bb6da958-c138-4e4d-a947-1c589904a243,2023-09-06 13:58:38.713616,ACCEPTED,A
17cf9204-4bb1-4cce-98a3-46d664e2bc1e,179ea2dc-83d1-4d8e-94a4-09a81125996f,2023-06-29 05:32:56.990095,DECLINED,C
de0df37b-5f1d-4ee4-9633-4b860072ad36,240d3840-f989-4990-8cc4-d13b6cc1b3cd,2024-01-12 10:13:24.063467,ACCEPTED,C
ec8421af-83e6-4880-872b-6d1972d362ea,36f551ea-6e39-4f87-b72d-d42725ecda2f,2023-09-20 11:34:48.557880,EXPIRED,C
fb030b3d-4f03-4e0b-8c20-bfd1ffd54e6b,04150fd9-d292-40d1-bc49-4adcb5fe3e7a,2023-11-30 01:43:10.729446,ACCEPTED,A
5b334f48-56f0-424d-8431-958a7febb6f3,6edf7fa4-a6ba-46a1-87fd-a01a48f38858,2023-11-26 03:17:53.145625,ACCEPTED,B
05a708c8-e325-4844-8d24-15d18294263a,2e4a083a-4ea9-4898-b510-111e19d1e843,2023-06-19 04:21:10.351646,ACCEPTED,B
4b150850-553d-4665-909b-168ac9eaa12c,040b9713-617c-4c15-b66f-05613df17ee1,2023-10-06 02:59:24.473718,ACCEPTED,B
ab782cbe-2c62-4487-8487-0152c8d3e856,dd7bedf5-e5c3-4ce1-b997-d030bbbb9b38,2023-11-20 18:10:58.488802,ACCEPTED,A
c3634f56-c469-417f-abd3-7c9fde9d374d,dde6ffaf-0126-4076-85ca-12c7c3167b70,2023-11-21 05:38:10.023766,ACCEPTED,A
c7e3deab-6ac9-4bd1-be51-eeceb78767ac,3104b2d6-9753-41f0-843d-958236e3745e,2023-10-19 16:27:00.301688,ACCEPTED,C
3cb6042e-4c8d-4ace-89c0-57cbe426e4c4,2f1cb704-7c01-4e8c-a6fa-1facfbaee565,2023-02-22 00:31:13.255560,ACCEPTED,B
a8793436-2acc-42f4-9450-6d2d1be37e36,78f01456-b539-48a1-aa1b-ccbeb150c250,2023-08-29 04:51:43.451589,ACCEPTED,A
a9ff8f45-7a53-4a03-a992-62370187f3cf,1459f9c7-9c67-4548-b78b-be07e8eb5e55,2023-04-22 10:11:19.598238,DECLINED,A
3583b60a-2503-429f-b46b-6abc414fa722,d60e6602-bbda-4457-8b21-8da4cee7d80f,2023-10-22 03:34:50.152567,ACCEPTED,C
716dbebe-76d6-4ea4-92bf-35e4d55c1e62,26bb2cb8-491a-4dbf-88c7-47b608fa34d6,2023-11-12 10:48:12.603798,ACCEPTED,B
86f08c3f-d517-4c21-a560-db9596edac82,5a0764e5-60e2-44cb-b528-e1d1acce1cd9,2023-11-18 07:11:40.361504,DECLINED,B
0659224f-4b5b-4f16-ab83-e9f47b34a5a2,b319f9fb-5ec7-40dd-93b6-0332d9a929ec,2023-08-28 21:49:49.400288,ACCEPTED,B
d344ec67-61b1-4e9b-925a-0d9576d15a1d,8ab6a22b-54f3-4ffe-8220-3f57740adc50,2023-07-06 02:54:56.000556,ACCEPTED,C
933a2103-e81b-4104-963c-817bceae3a52,441ea95a-f2e9-4a23-a716-3a1eb449e7e2,2023-10-02 04:54:55.598877,ACCEPTED,B
625e96b1-68fd-4d05-9524-ecbfa8058399,b97fd847-1864-442d-b495-580f2065a68c,2023-05-18 00:25:42.006611,ACCEPTED,C
b30b6a49-97da-4eb0-afa4-6bac7d28dcb8,85c9b2db-72fb-429f-897a-d9b87ff2f3c4,2023-05-06 18:58:05.651264,ACCEPTED,C
d0354e5e-4b96-452f-81ca-1dd2de3adf10,b49f5ab7-5598-4840-a1fc-74daf2bcbea5,2023-10-23 06:32:14.617541,DECLINED,C
e1c9aa33-f6af-4cd3-968e-6546dd9a2db9,e397b348-9949-4bfd-b362-685576241708,2023-08-03 07:12:57.556405,DECLINED,C
a829db0d-3d8f-468a-a0ab-b988523598b1,f0c445c7-8a79-4555-9a3a-53de068b674d,2023-12-13 07:52:54.107821,ACCEPTED,A
ade25e16-f5fc-4116-a6d3-8847d9c9ab38,0a1949c3-0587-47b9-a593-0c036788900f,2024-01-08 15:30:18.910463,ACCEPTED,A
0427418a-e18c-4253-a26b-4bb12dabffe7,347a79a1-d9af-416c-b26a-87f45769e148,2023-06-24 14:50:23.409121,DECLINED,C
951ffbca-1080-4602-b32e-af06dfb61da3,9e920179-4d79-4cec-94de-cb8643af75e1,2023-05-18 04:43:45.510315,ACCEPTED,A
257962a7-3640-4ff2-8bbd-3316cb19555b,36fb0926-9206-4dc2-a677-4aaf03071c59,2023-11-11 17:43:38.752282,DECLINED,B
759e9de5-d0fa-4dc7-ab92-a922782a6ce3,1b8e8b2f-93f2-4d54-bd04-7c3cf1fd3a0c,2023-05-10 04:40:05.184421,ACCEPTED,A
4d91f8a6-4d03-46b1-8ac0-b736f42202ae,3fd6485d-49d9-4ff4-8311-23272e5677c3,2023-07-21 21:53:49.047349,DECLINED,A
3ca77077-d8f5-4bd6-95df-fad1a65f3991,2bc404ca-0d6b-46a9-b53d-b7e308bec0fa,2023-08-30 07:51:02.819282,DECLINED,B
3f1eb1f4-6e2c-40eb-a8e5-94d70dc6324c,7c0a0785-7665-475b-ad5d-6462b041c7df,2023-11-14 01:21:45.145470,DECLINED,C
9815b01b-f693-4e90-b51c-de5e8483b47b,bf13b4ff-1816-4397-b67b-f3d39c8e1ce5,2023-03-28 22:09:24.357750,ACCEPTED,B
f5831cf6-005f-47eb-944d-5dbcec238cac,8f70e3ee-43e5-4ad7-9bc3-b718f01bc8fc,2023-09-26 19:23:53.338631,EXPIRED,C
fb4789fe-aed8-486c-8ba9-e945eeb835b7,09595df6-a27e-4c36-85c1-85a8528b249e,2024-01-09 19:37:30.077840,ACCEPTED,C
c42d6a09-6ef4-433c-9090-f08919df12d6,7cbe9593-dc16-4814-96e9-252286942209,2023-11-04 01:50:54.446195,ACCEPTED,B
